Loan_ID,Gender,Married,Dependents,Education,Self_Employed,ApplicantIncome,CoapplicantIncome,LoanAmount,Loan_Amount_Term,Credit_History,Property_Area,Loan_Status,LoanAmountINR
LP001002,MALE,No,0,Graduate,No,5849,0.0,146.00504201680673,360.0,1.0,Urban,Y,12264.423529411764
LP001003,MALE,Yes,1,Graduate,No,4583,1508.0,128.0,360.0,1.0,Rural,N,10752.0
LP001005,MALE,Yes,0,Graduate,Yes,3000,0.0,66.0,360.0,1.0,Urban,Y,5544.0
LP001006,MALE,Yes,0,Not Graduate,No,2583,2358.0,120.0,360.0,1.0,Urban,Y,10080.0
LP001008,MALE,No,0,Graduate,No,6000,0.0,141.0,360.0,1.0,Urban,Y,11844.0
LP001011,MALE,Yes,2,Graduate,Yes,5417,4196.0,267.0,360.0,1.0,Urban,Y,22428.0
LP001013,MALE,Yes,0,Not Graduate,No,2333,1516.0,95.0,360.0,1.0,Urban,Y,7980.0
LP001014,MALE,Yes,3+,Graduate,No,3036,2504.0,158.0,360.0,0.0,Semiurban,N,13272.0
LP001018,MALE,Yes,2,Graduate,No,4006,1526.0,168.0,360.0,1.0,Urban,Y,14112.0
LP001020,MALE,Yes,1,Graduate,No,12841,10968.0,349.0,360.0,1.0,Semiurban,N,29316.0
LP001024,MALE,Yes,2,Graduate,No,3200,700.0,70.0,360.0,1.0,Urban,Y,5880.0
LP001027,MALE,Yes,2,Graduate,,2500,1840.0,109.0,360.0,1.0,Urban,Y,9156.0
LP001028,MALE,Yes,2,Graduate,No,3073,8106.0,200.0,360.0,1.0,Urban,Y,16800.0
LP001029,MALE,No,0,Graduate,No,1853,2840.0,114.0,360.0,1.0,Rural,N,9576.0
LP001030,MALE,Yes,2,Graduate,No,1299,1086.0,17.0,120.0,1.0,Urban,Y,1428.0
LP001032,MALE,No,0,Graduate,No,4950,0.0,125.0,360.0,1.0,Urban,Y,10500.0
LP001034,MALE,No,1,Not Graduate,No,3596,0.0,100.0,240.0,,Urban,Y,8400.0
LP001036,FEMALE,No,0,Graduate,No,3510,0.0,76.0,360.0,0.0,Urban,N,6384.0
LP001038,MALE,Yes,0,Not Graduate,No,4887,0.0,133.0,360.0,1.0,Rural,N,11172.0
LP001041,MALE,Yes,0,Graduate,,2600,3500.0,115.0,,1.0,Urban,Y,9660.0
LP001043,MALE,Yes,0,Not Graduate,No,7660,0.0,104.0,360.0,0.0,Urban,N,8736.0
LP001046,MALE,Yes,1,Graduate,No,5955,5625.0,315.0,360.0,1.0,Urban,Y,26460.0
LP001047,MALE,Yes,0,Not Graduate,No,2600,1911.0,116.0,360.0,0.0,Semiurban,N,9744.0
LP001050,MALE,Yes,2,Not Graduate,No,3365,1917.0,112.0,360.0,0.0,Rural,N,9408.0
LP001052,MALE,Yes,1,Graduate,,3717,2925.0,151.0,360.0,,Semiurban,N,12684.0
LP001066,MALE,Yes,0,Graduate,Yes,9560,0.0,191.0,360.0,1.0,Semiurban,Y,16044.0
LP001068,MALE,Yes,0,Graduate,No,2799,2253.0,122.0,360.0,1.0,Semiurban,Y,10248.0
LP001073,MALE,Yes,2,Not Graduate,No,4226,1040.0,110.0,360.0,1.0,Urban,Y,9240.0
LP001086,MALE,No,0,Not Graduate,No,1442,0.0,35.0,360.0,1.0,Urban,N,2940.0
LP001087,FEMALE,No,2,Graduate,,3750,2083.0,120.0,360.0,1.0,Semiurban,Y,10080.0
LP001091,MALE,Yes,1,Graduate,,4166,3369.0,201.0,360.0,,Urban,N,16884.0
LP001095,MALE,No,0,Graduate,No,3167,0.0,74.0,360.0,1.0,Urban,N,6216.0
LP001097,MALE,No,1,Graduate,Yes,4692,0.0,106.0,360.0,1.0,Rural,N,8904.0
LP001098,MALE,Yes,0,Graduate,No,3500,1667.0,114.0,360.0,1.0,Semiurban,Y,9576.0
LP001100,MALE,No,3+,Graduate,No,12500,3000.0,320.0,360.0,1.0,Rural,N,26880.0
LP001106,MALE,Yes,0,Graduate,No,2275,2067.0,146.00504201680673,360.0,1.0,Urban,Y,12264.423529411764
LP001109,MALE,Yes,0,Graduate,No,1828,1330.0,100.0,,0.0,Urban,N,8400.0
LP001112,FEMALE,Yes,0,Graduate,No,3667,1459.0,144.0,360.0,1.0,Semiurban,Y,12096.0
LP001114,MALE,No,0,Graduate,No,4166,7210.0,184.0,360.0,1.0,Urban,Y,15456.0
LP001116,MALE,No,0,Not Graduate,No,3748,1668.0,110.0,360.0,1.0,Semiurban,Y,9240.0
LP001119,MALE,No,0,Graduate,No,3600,0.0,80.0,360.0,1.0,Urban,N,6720.0
LP001120,MALE,No,0,Graduate,No,1800,1213.0,47.0,360.0,1.0,Urban,Y,3948.0
LP001123,MALE,Yes,0,Graduate,No,2400,0.0,75.0,360.0,,Urban,Y,6300.0
LP001131,MALE,Yes,0,Graduate,No,3941,2336.0,134.0,360.0,1.0,Semiurban,Y,11256.0
LP001136,MALE,Yes,0,Not Graduate,Yes,4695,0.0,96.0,,1.0,Urban,Y,8064.0
LP001137,FEMALE,No,0,Graduate,No,3410,0.0,88.0,,1.0,Urban,Y,7392.0
LP001138,MALE,Yes,1,Graduate,No,5649,0.0,44.0,360.0,1.0,Urban,Y,3696.0
LP001144,MALE,Yes,0,Graduate,No,5821,0.0,144.0,360.0,1.0,Urban,Y,12096.0
LP001146,FEMALE,Yes,0,Graduate,No,2645,3440.0,120.0,360.0,0.0,Urban,N,10080.0
LP001151,FEMALE,No,0,Graduate,No,4000,2275.0,144.0,360.0,1.0,Semiurban,Y,12096.0
LP001155,FEMALE,Yes,0,Not Graduate,No,1928,1644.0,100.0,360.0,1.0,Semiurban,Y,8400.0
LP001157,FEMALE,No,0,Graduate,No,3086,0.0,120.0,360.0,1.0,Semiurban,Y,10080.0
LP001164,FEMALE,No,0,Graduate,No,4230,0.0,112.0,360.0,1.0,Semiurban,N,9408.0
LP001179,MALE,Yes,2,Graduate,No,4616,0.0,134.0,360.0,1.0,Urban,N,11256.0
LP001186,FEMALE,Yes,1,Graduate,Yes,11500,0.0,286.0,360.0,0.0,Urban,N,24024.0
LP001194,MALE,Yes,2,Graduate,No,2708,1167.0,97.0,360.0,1.0,Semiurban,Y,8148.0
LP001195,MALE,Yes,0,Graduate,No,2132,1591.0,96.0,360.0,1.0,Semiurban,Y,8064.0
LP001197,MALE,Yes,0,Graduate,No,3366,2200.0,135.0,360.0,1.0,Rural,N,11340.0
LP001198,MALE,Yes,1,Graduate,No,8080,2250.0,180.0,360.0,1.0,Urban,Y,15120.0
LP001199,MALE,Yes,2,Not Graduate,No,3357,2859.0,144.0,360.0,1.0,Urban,Y,12096.0
LP001205,MALE,Yes,0,Graduate,No,2500,3796.0,120.0,360.0,1.0,Urban,Y,10080.0
LP001206,MALE,Yes,3+,Graduate,No,3029,0.0,99.0,360.0,1.0,Urban,Y,8316.0
LP001207,MALE,Yes,0,Not Graduate,Yes,2609,3449.0,165.0,180.0,0.0,Rural,N,13860.0
LP001213,MALE,Yes,1,Graduate,No,4945,0.0,146.00504201680673,360.0,0.0,Rural,N,12264.423529411764
LP001222,FEMALE,No,0,Graduate,No,4166,0.0,116.0,360.0,0.0,Semiurban,N,9744.0
LP001225,MALE,Yes,0,Graduate,No,5726,4595.0,258.0,360.0,1.0,Semiurban,N,21672.0
LP001228,MALE,No,0,Not Graduate,No,3200,2254.0,126.0,180.0,0.0,Urban,N,10584.0
LP001233,MALE,Yes,1,Graduate,No,10750,0.0,312.0,360.0,1.0,Urban,Y,26208.0
LP001238,MALE,Yes,3+,Not Graduate,Yes,7100,0.0,125.0,60.0,1.0,Urban,Y,10500.0
LP001241,FEMALE,No,0,Graduate,No,4300,0.0,136.0,360.0,0.0,Semiurban,N,11424.0
LP001243,MALE,Yes,0,Graduate,No,3208,3066.0,172.0,360.0,1.0,Urban,Y,14448.0
LP001245,MALE,Yes,2,Not Graduate,Yes,1875,1875.0,97.0,360.0,1.0,Semiurban,Y,8148.0
LP001248,MALE,No,0,Graduate,No,3500,0.0,81.0,300.0,1.0,Semiurban,Y,6804.0
LP001250,MALE,Yes,3+,Not Graduate,No,4755,0.0,95.0,,0.0,Semiurban,N,7980.0
LP001253,MALE,Yes,3+,Graduate,Yes,5266,1774.0,187.0,360.0,1.0,Semiurban,Y,15708.0
LP001255,MALE,No,0,Graduate,No,3750,0.0,113.0,480.0,1.0,Urban,N,9492.0
LP001256,MALE,No,0,Graduate,No,3750,4750.0,176.0,360.0,1.0,Urban,N,14784.0
LP001259,MALE,Yes,1,Graduate,Yes,1000,3022.0,110.0,360.0,1.0,Urban,N,9240.0
LP001263,MALE,Yes,3+,Graduate,No,3167,4000.0,180.0,300.0,0.0,Semiurban,N,15120.0
LP001264,MALE,Yes,3+,Not Graduate,Yes,3333,2166.0,130.0,360.0,,Semiurban,Y,10920.0
LP001265,FEMALE,No,0,Graduate,No,3846,0.0,111.0,360.0,1.0,Semiurban,Y,9324.0
LP001266,MALE,Yes,1,Graduate,Yes,2395,0.0,146.00504201680673,360.0,1.0,Semiurban,Y,12264.423529411764
LP001267,FEMALE,Yes,2,Graduate,No,1378,1881.0,167.0,360.0,1.0,Urban,N,14028.0
LP001273,MALE,Yes,0,Graduate,No,6000,2250.0,265.0,360.0,,Semiurban,N,22260.0
LP001275,MALE,Yes,1,Graduate,No,3988,0.0,50.0,240.0,1.0,Urban,Y,4200.0
LP001279,MALE,No,0,Graduate,No,2366,2531.0,136.0,360.0,1.0,Semiurban,Y,11424.0
LP001280,MALE,Yes,2,Not Graduate,No,3333,2000.0,99.0,360.0,,Semiurban,Y,8316.0
LP001282,MALE,Yes,0,Graduate,No,2500,2118.0,104.0,360.0,1.0,Semiurban,Y,8736.0
LP001289,MALE,No,0,Graduate,No,8566,0.0,210.0,360.0,1.0,Urban,Y,17640.0
LP001310,MALE,Yes,0,Graduate,No,5695,4167.0,175.0,360.0,1.0,Semiurban,Y,14700.0
LP001316,MALE,Yes,0,Graduate,No,2958,2900.0,131.0,360.0,1.0,Semiurban,Y,11004.0
LP001318,MALE,Yes,2,Graduate,No,6250,5654.0,188.0,180.0,1.0,Semiurban,Y,15792.0
LP001319,MALE,Yes,2,Not Graduate,No,3273,1820.0,81.0,360.0,1.0,Urban,Y,6804.0
LP001322,MALE,No,0,Graduate,No,4133,0.0,122.0,360.0,1.0,Semiurban,Y,10248.0
LP001325,MALE,No,0,Not Graduate,No,3620,0.0,25.0,120.0,1.0,Semiurban,Y,2100.0
LP001326,MALE,No,0,Graduate,,6782,0.0,146.00504201680673,360.0,,Urban,N,12264.423529411764
LP001327,FEMALE,Yes,0,Graduate,No,2484,2302.0,137.0,360.0,1.0,Semiurban,Y,11508.0
LP001333,MALE,Yes,0,Graduate,No,1977,997.0,50.0,360.0,1.0,Semiurban,Y,4200.0
LP001334,MALE,Yes,0,Not Graduate,No,4188,0.0,115.0,180.0,1.0,Semiurban,Y,9660.0
LP001343,MALE,Yes,0,Graduate,No,1759,3541.0,131.0,360.0,1.0,Semiurban,Y,11004.0
LP001345,MALE,Yes,2,Not Graduate,No,4288,3263.0,133.0,180.0,1.0,Urban,Y,11172.0
LP001349,MALE,No,0,Graduate,No,4843,3806.0,151.0,360.0,1.0,Semiurban,Y,12684.0
LP001350,MALE,Yes,,Graduate,No,13650,0.0,146.00504201680673,360.0,1.0,Urban,Y,12264.423529411764
LP001356,MALE,Yes,0,Graduate,No,4652,3583.0,146.00504201680673,360.0,1.0,Semiurban,Y,12264.423529411764
LP001322,MALE,No,0,Graduate,No,4133,0.0,122.0,360.0,1.0,Semiurban,Y,10248.0
LP001325,MALE,No,0,Not Graduate,No,3620,0.0,25.0,120.0,1.0,Semiurban,Y,2100.0
LP001326,MALE,No,0,Graduate,,6782,0.0,146.00504201680673,360.0,,Urban,N,12264.423529411764
LP001333,MALE,Yes,0,Graduate,No,1977,997.0,50.0,360.0,1.0,Semiurban,Y,4200.0
LP001357,MALE,Yes,,Graduate,No,3816,754.0,160.0,360.0,1.0,Urban,Y,13440.0
LP001367,MALE,Yes,1,Graduate,No,3052,1030.0,100.0,360.0,1.0,Urban,Y,8400.0
LP001369,MALE,Yes,2,Graduate,No,11417,1126.0,225.0,360.0,1.0,Urban,Y,18900.0
LP001370,MALE,No,0,Not Graduate,,7333,0.0,120.0,360.0,1.0,Rural,N,10080.0
LP001379,MALE,Yes,2,Graduate,No,3800,3600.0,216.0,360.0,0.0,Urban,N,18144.0
LP001384,MALE,Yes,3+,Not Graduate,No,2071,754.0,94.0,480.0,1.0,Semiurban,Y,7896.0
LP001385,MALE,No,0,Graduate,No,5316,0.0,136.0,360.0,1.0,Urban,Y,11424.0
LP001387,FEMALE,Yes,0,Graduate,,2929,2333.0,139.0,360.0,1.0,Semiurban,Y,11676.0
LP001391,MALE,Yes,0,Not Graduate,No,3572,4114.0,152.0,,0.0,Rural,N,12768.0
LP001392,FEMALE,No,1,Graduate,Yes,7451,0.0,146.00504201680673,360.0,1.0,Semiurban,Y,12264.423529411764
LP001398,MALE,No,0,Graduate,,5050,0.0,118.0,360.0,1.0,Semiurban,Y,9912.0
LP001401,MALE,Yes,1,Graduate,No,14583,0.0,185.0,180.0,1.0,Rural,Y,15540.0
LP001404,FEMALE,Yes,0,Graduate,No,3167,2283.0,154.0,360.0,1.0,Semiurban,Y,12936.0
LP001405,MALE,Yes,1,Graduate,No,2214,1398.0,85.0,360.0,,Urban,Y,7140.0
LP001421,MALE,Yes,0,Graduate,No,5568,2142.0,175.0,360.0,1.0,Rural,N,14700.0
LP001422,FEMALE,No,0,Graduate,No,10408,0.0,259.0,360.0,1.0,Urban,Y,21756.0
LP001426,MALE,Yes,,Graduate,No,5667,2667.0,180.0,360.0,1.0,Rural,Y,15120.0
LP001430,FEMALE,No,0,Graduate,No,4166,0.0,44.0,360.0,1.0,Semiurban,Y,3696.0
LP001431,FEMALE,No,0,Graduate,No,2137,8980.0,137.0,360.0,0.0,Semiurban,Y,11508.0
LP001432,MALE,Yes,2,Graduate,No,2957,0.0,81.0,360.0,1.0,Semiurban,Y,6804.0
LP001439,MALE,Yes,0,Not Graduate,No,4300,2014.0,194.0,360.0,1.0,Rural,Y,16296.0
LP001443,FEMALE,No,0,Graduate,No,3692,0.0,93.0,360.0,,Rural,Y,7812.0
LP001448,MALE,Yes,3+,Graduate,No,23803,0.0,370.0,360.0,1.0,Rural,Y,31080.0
LP001449,MALE,No,0,Graduate,No,3865,1640.0,146.00504201680673,360.0,1.0,Rural,Y,12264.423529411764
LP001451,MALE,Yes,1,Graduate,Yes,10513,3850.0,160.0,180.0,0.0,Urban,N,13440.0
LP001465,MALE,Yes,0,Graduate,No,6080,2569.0,182.0,360.0,,Rural,N,15288.0
LP001469,MALE,No,0,Graduate,Yes,20166,0.0,650.0,480.0,,Urban,Y,54600.0
LP001473,MALE,No,0,Graduate,No,2014,1929.0,74.0,360.0,1.0,Urban,Y,6216.0
LP001478,MALE,No,0,Graduate,No,2718,0.0,70.0,360.0,1.0,Semiurban,Y,5880.0
LP001482,MALE,Yes,0,Graduate,Yes,3459,0.0,25.0,120.0,1.0,Semiurban,Y,2100.0
LP001487,MALE,No,0,Graduate,No,4895,0.0,102.0,360.0,1.0,Semiurban,Y,8568.0
LP001488,MALE,Yes,3+,Graduate,No,4000,7750.0,290.0,360.0,1.0,Semiurban,N,24360.0
LP001489,FEMALE,Yes,0,Graduate,No,4583,0.0,84.0,360.0,1.0,Rural,N,7056.0
LP001491,MALE,Yes,2,Graduate,Yes,3316,3500.0,88.0,360.0,1.0,Urban,Y,7392.0
LP001492,MALE,No,0,Graduate,No,14999,0.0,242.0,360.0,0.0,Semiurban,N,20328.0
LP001493,MALE,Yes,2,Not Graduate,No,4200,1430.0,129.0,360.0,1.0,Rural,N,10836.0
LP001497,MALE,Yes,2,Graduate,No,5042,2083.0,185.0,360.0,1.0,Rural,N,15540.0
LP001498,MALE,No,0,Graduate,No,5417,0.0,168.0,360.0,1.0,Urban,Y,14112.0
LP001504,MALE,No,0,Graduate,Yes,6950,0.0,175.0,180.0,1.0,Semiurban,Y,14700.0
LP001507,MALE,Yes,0,Graduate,No,2698,2034.0,122.0,360.0,1.0,Semiurban,Y,10248.0
LP001508,MALE,Yes,2,Graduate,No,11757,0.0,187.0,180.0,1.0,Urban,Y,15708.0
LP001514,FEMALE,Yes,0,Graduate,No,2330,4486.0,100.0,360.0,1.0,Semiurban,Y,8400.0
LP001516,FEMALE,Yes,2,Graduate,No,14866,0.0,70.0,360.0,1.0,Urban,Y,5880.0
LP001518,MALE,Yes,1,Graduate,No,1538,1425.0,30.0,360.0,1.0,Urban,Y,2520.0
LP001519,FEMALE,No,0,Graduate,No,10000,1666.0,225.0,360.0,1.0,Rural,N,18900.0
LP001520,MALE,Yes,0,Graduate,No,4860,830.0,125.0,360.0,1.0,Semiurban,Y,10500.0
LP001528,MALE,No,0,Graduate,No,6277,0.0,118.0,360.0,0.0,Rural,N,9912.0
LP001529,MALE,Yes,0,Graduate,Yes,2577,3750.0,152.0,360.0,1.0,Rural,Y,12768.0
LP001531,MALE,No,0,Graduate,No,9166,0.0,244.0,360.0,1.0,Urban,N,20496.0
LP001532,MALE,Yes,2,Not Graduate,No,2281,0.0,113.0,360.0,1.0,Rural,N,9492.0
LP001535,MALE,No,0,Graduate,No,3254,0.0,50.0,360.0,1.0,Urban,Y,4200.0
LP001536,MALE,Yes,3+,Graduate,No,39999,0.0,600.0,180.0,0.0,Semiurban,Y,50400.0
LP001541,MALE,Yes,1,Graduate,No,6000,0.0,160.0,360.0,,Rural,Y,13440.0
LP001543,MALE,Yes,1,Graduate,No,9538,0.0,187.0,360.0,1.0,Urban,Y,15708.0
LP001546,MALE,No,0,Graduate,,2980,2083.0,120.0,360.0,1.0,Rural,Y,10080.0
LP001552,MALE,Yes,0,Graduate,No,4583,5625.0,255.0,360.0,1.0,Semiurban,Y,21420.0
LP001560,MALE,Yes,0,Not Graduate,No,1863,1041.0,98.0,360.0,1.0,Semiurban,Y,8232.0
LP001562,MALE,Yes,0,Graduate,No,7933,0.0,275.0,360.0,1.0,Urban,N,23100.0
LP001565,MALE,Yes,1,Graduate,No,3089,1280.0,121.0,360.0,0.0,Semiurban,N,10164.0
LP001570,MALE,Yes,2,Graduate,No,4167,1447.0,158.0,360.0,1.0,Rural,Y,13272.0
LP001572,MALE,Yes,0,Graduate,No,9323,0.0,75.0,180.0,1.0,Urban,Y,6300.0
LP001574,MALE,Yes,0,Graduate,No,3707,3166.0,182.0,,1.0,Rural,Y,15288.0
LP001577,FEMALE,Yes,0,Graduate,No,4583,0.0,112.0,360.0,1.0,Rural,N,9408.0
LP001578,MALE,Yes,0,Graduate,No,2439,3333.0,129.0,360.0,1.0,Rural,Y,10836.0
LP001579,MALE,No,0,Graduate,No,2237,0.0,63.0,480.0,0.0,Semiurban,N,5292.0
LP001580,MALE,Yes,2,Graduate,No,8000,0.0,200.0,360.0,1.0,Semiurban,Y,16800.0
LP001581,MALE,Yes,0,Not Graduate,,1820,1769.0,95.0,360.0,1.0,Rural,Y,7980.0
LP001585,MALE,Yes,3+,Graduate,No,51763,0.0,700.0,300.0,1.0,Urban,Y,58800.0
LP001586,MALE,Yes,3+,Not Graduate,No,3522,0.0,81.0,180.0,1.0,Rural,N,6804.0
LP001594,MALE,Yes,0,Graduate,No,5708,5625.0,187.0,360.0,1.0,Semiurban,Y,15708.0
LP001603,MALE,Yes,0,Not Graduate,Yes,4344,736.0,87.0,360.0,1.0,Semiurban,N,7308.0
LP001606,MALE,Yes,0,Graduate,No,3497,1964.0,116.0,360.0,1.0,Rural,Y,9744.0
LP001608,MALE,Yes,2,Graduate,No,2045,1619.0,101.0,360.0,1.0,Rural,Y,8484.0
LP001610,MALE,Yes,3+,Graduate,No,5516,11300.0,495.0,360.0,0.0,Semiurban,N,41580.0
LP001616,MALE,Yes,1,Graduate,No,3750,0.0,116.0,360.0,1.0,Semiurban,Y,9744.0
LP001630,MALE,No,0,Not Graduate,No,2333,1451.0,102.0,480.0,0.0,Urban,N,8568.0
LP001633,MALE,Yes,1,Graduate,No,6400,7250.0,180.0,360.0,0.0,Urban,N,15120.0
LP001634,MALE,No,0,Graduate,No,1916,5063.0,67.0,360.0,,Rural,N,5628.0
LP001636,MALE,Yes,0,Graduate,No,4600,0.0,73.0,180.0,1.0,Semiurban,Y,6132.0
LP001637,MALE,Yes,1,Graduate,No,33846,0.0,260.0,360.0,1.0,Semiurban,N,21840.0
LP001639,FEMALE,Yes,0,Graduate,No,3625,0.0,108.0,360.0,1.0,Semiurban,Y,9072.0
LP001640,MALE,Yes,0,Graduate,Yes,39147,4750.0,120.0,360.0,1.0,Semiurban,Y,10080.0
LP001641,MALE,Yes,1,Graduate,Yes,2178,0.0,66.0,300.0,0.0,Rural,N,5544.0
LP001643,MALE,Yes,0,Graduate,No,2383,2138.0,58.0,360.0,,Rural,Y,4872.0
LP001644,MALE,Yes,0,Graduate,Yes,674,5296.0,168.0,360.0,1.0,Rural,Y,14112.0
LP001647,MALE,Yes,0,Graduate,No,9328,0.0,188.0,180.0,1.0,Rural,Y,15792.0
LP001653,MALE,No,0,Not Graduate,No,4885,0.0,48.0,360.0,1.0,Rural,Y,4032.0
LP001656,MALE,No,0,Graduate,No,12000,0.0,164.0,360.0,1.0,Semiurban,N,13776.0
LP001657,MALE,Yes,0,Not Graduate,No,6033,0.0,160.0,360.0,1.0,Urban,N,13440.0
LP001658,MALE,No,0,Graduate,No,3858,0.0,76.0,360.0,1.0,Semiurban,Y,6384.0
LP001664,MALE,No,0,Graduate,No,4191,0.0,120.0,360.0,1.0,Rural,Y,10080.0
LP001665,MALE,Yes,1,Graduate,No,3125,2583.0,170.0,360.0,1.0,Semiurban,N,14280.0
LP001666,MALE,No,0,Graduate,No,8333,3750.0,187.0,360.0,1.0,Rural,Y,15708.0
LP001669,FEMALE,No,0,Not Graduate,No,1907,2365.0,120.0,,1.0,Urban,Y,10080.0
LP001671,FEMALE,Yes,0,Graduate,No,3416,2816.0,113.0,360.0,,Semiurban,Y,9492.0
LP001673,MALE,No,0,Graduate,Yes,11000,0.0,83.0,360.0,1.0,Urban,N,6972.0
LP001674,MALE,Yes,1,Not Graduate,No,2600,2500.0,90.0,360.0,1.0,Semiurban,Y,7560.0
LP001677,MALE,No,2,Graduate,No,4923,0.0,166.0,360.0,0.0,Semiurban,Y,13944.0
LP001682,MALE,Yes,3+,Not Graduate,No,3992,0.0,146.00504201680673,180.0,1.0,Urban,N,12264.423529411764
LP001688,MALE,Yes,1,Not Graduate,No,3500,1083.0,135.0,360.0,1.0,Urban,Y,11340.0
LP001691,MALE,Yes,2,Not Graduate,No,3917,0.0,124.0,360.0,1.0,Semiurban,Y,10416.0
LP001692,FEMALE,No,0,Not Graduate,No,4408,0.0,120.0,360.0,1.0,Semiurban,Y,10080.0
LP001693,FEMALE,No,0,Graduate,No,3244,0.0,80.0,360.0,1.0,Urban,Y,6720.0
LP001698,MALE,No,0,Not Graduate,No,3975,2531.0,55.0,360.0,1.0,Rural,Y,4620.0
LP001699,MALE,No,0,Graduate,No,2479,0.0,59.0,360.0,1.0,Urban,Y,4956.0
LP001702,MALE,No,0,Graduate,No,3418,0.0,127.0,360.0,1.0,Semiurban,N,10668.0
LP001708,FEMALE,No,0,Graduate,No,10000,0.0,214.0,360.0,1.0,Semiurban,N,17976.0
LP001711,MALE,Yes,3+,Graduate,No,3430,1250.0,128.0,360.0,0.0,Semiurban,N,10752.0
LP001713,MALE,Yes,1,Graduate,Yes,7787,0.0,240.0,360.0,1.0,Urban,Y,20160.0
LP001715,MALE,Yes,3+,Not Graduate,Yes,5703,0.0,130.0,360.0,1.0,Rural,Y,10920.0
LP001716,MALE,Yes,0,Graduate,No,3173,3021.0,137.0,360.0,1.0,Urban,Y,11508.0
LP001720,MALE,Yes,3+,Not Graduate,No,3850,983.0,100.0,360.0,1.0,Semiurban,Y,8400.0
LP001722,MALE,Yes,0,Graduate,No,150,1800.0,135.0,360.0,1.0,Rural,N,11340.0
LP001726,MALE,Yes,0,Graduate,No,3727,1775.0,131.0,360.0,1.0,Semiurban,Y,11004.0
LP001732,MALE,Yes,2,Graduate,,5000,0.0,72.0,360.0,0.0,Semiurban,N,6048.0
LP001734,FEMALE,Yes,2,Graduate,No,4283,2383.0,127.0,360.0,,Semiurban,Y,10668.0
LP001736,MALE,Yes,0,Graduate,No,2221,0.0,60.0,360.0,0.0,Urban,N,5040.0
LP001743,MALE,Yes,2,Graduate,No,4009,1717.0,116.0,360.0,1.0,Semiurban,Y,9744.0
LP001744,MALE,No,0,Graduate,No,2971,2791.0,144.0,360.0,1.0,Semiurban,Y,12096.0
LP001749,MALE,Yes,0,Graduate,No,7578,1010.0,175.0,,1.0,Semiurban,Y,14700.0
LP001750,MALE,Yes,0,Graduate,No,6250,0.0,128.0,360.0,1.0,Semiurban,Y,10752.0
LP001751,MALE,Yes,0,Graduate,No,3250,0.0,170.0,360.0,1.0,Rural,N,14280.0
LP001754,MALE,Yes,,Not Graduate,Yes,4735,0.0,138.0,360.0,1.0,Urban,N,11592.0
LP001758,MALE,Yes,2,Graduate,No,6250,1695.0,210.0,360.0,1.0,Semiurban,Y,17640.0
LP001760,MALE,Yes,,Graduate,No,4758,0.0,158.0,480.0,1.0,Semiurban,Y,13272.0
LP001761,MALE,No,0,Graduate,Yes,6400,0.0,200.0,360.0,1.0,Rural,Y,16800.0
LP001765,MALE,Yes,1,Graduate,No,2491,2054.0,104.0,360.0,1.0,Semiurban,Y,8736.0
LP001768,MALE,Yes,0,Graduate,,3716,0.0,42.0,180.0,1.0,Rural,Y,3528.0
LP001770,MALE,No,0,Not Graduate,No,3189,2598.0,120.0,,1.0,Rural,Y,10080.0
LP001776,FEMALE,No,0,Graduate,No,8333,0.0,280.0,360.0,1.0,Semiurban,Y,23520.0
LP001778,MALE,Yes,1,Graduate,No,3155,1779.0,140.0,360.0,1.0,Semiurban,Y,11760.0
LP001784,MALE,Yes,1,Graduate,No,5500,1260.0,170.0,360.0,1.0,Rural,Y,14280.0
LP001786,MALE,Yes,0,Graduate,,5746,0.0,255.0,360.0,,Urban,N,21420.0
LP001788,FEMALE,No,0,Graduate,Yes,3463,0.0,122.0,360.0,,Urban,Y,10248.0
LP001790,FEMALE,No,1,Graduate,No,3812,0.0,112.0,360.0,1.0,Rural,Y,9408.0
LP001792,MALE,Yes,1,Graduate,No,3315,0.0,96.0,360.0,1.0,Semiurban,Y,8064.0
LP001798,MALE,Yes,2,Graduate,No,5819,5000.0,120.0,360.0,1.0,Rural,Y,10080.0
LP001800,MALE,Yes,1,Not Graduate,No,2510,1983.0,140.0,180.0,1.0,Urban,N,11760.0
LP001806,MALE,No,0,Graduate,No,2965,5701.0,155.0,60.0,1.0,Urban,Y,13020.0
LP001807,MALE,Yes,2,Graduate,Yes,6250,1300.0,108.0,360.0,1.0,Rural,Y,9072.0
LP001811,MALE,Yes,0,Not Graduate,No,3406,4417.0,123.0,360.0,1.0,Semiurban,Y,10332.0
LP001813,MALE,No,0,Graduate,Yes,6050,4333.0,120.0,180.0,1.0,Urban,N,10080.0
LP001814,MALE,Yes,2,Graduate,No,9703,0.0,112.0,360.0,1.0,Urban,Y,9408.0
LP001819,MALE,Yes,1,Not Graduate,No,6608,0.0,137.0,180.0,1.0,Urban,Y,11508.0
LP001824,MALE,Yes,1,Graduate,No,2882,1843.0,123.0,480.0,1.0,Semiurban,Y,10332.0
LP001825,MALE,Yes,0,Graduate,No,1809,1868.0,90.0,360.0,1.0,Urban,Y,7560.0
LP001835,MALE,Yes,0,Not Graduate,No,1668,3890.0,201.0,360.0,0.0,Semiurban,N,16884.0
LP001836,FEMALE,No,2,Graduate,No,3427,0.0,138.0,360.0,1.0,Urban,N,11592.0
LP001841,MALE,No,0,Not Graduate,Yes,2583,2167.0,104.0,360.0,1.0,Rural,Y,8736.0
LP001843,MALE,Yes,1,Not Graduate,No,2661,7101.0,279.0,180.0,1.0,Semiurban,Y,23436.0
LP001844,MALE,No,0,Graduate,Yes,16250,0.0,192.0,360.0,0.0,Urban,N,16128.0
LP001846,FEMALE,No,3+,Graduate,No,3083,0.0,255.0,360.0,1.0,Rural,Y,21420.0
LP001849,MALE,No,0,Not Graduate,No,6045,0.0,115.0,360.0,0.0,Rural,N,9660.0
LP001854,MALE,Yes,3+,Graduate,No,5250,0.0,94.0,360.0,1.0,Urban,N,7896.0
LP001859,MALE,Yes,0,Graduate,No,14683,2100.0,304.0,360.0,1.0,Rural,N,25536.0
LP001864,MALE,Yes,3+,Not Graduate,No,4931,0.0,128.0,360.0,,Semiurban,N,10752.0
LP001865,MALE,Yes,1,Graduate,No,6083,4250.0,330.0,360.0,,Urban,Y,27720.0
LP001868,MALE,No,0,Graduate,No,2060,2209.0,134.0,360.0,1.0,Semiurban,Y,11256.0
LP001870,FEMALE,No,1,Graduate,No,3481,0.0,155.0,36.0,1.0,Semiurban,N,13020.0
LP001871,FEMALE,No,0,Graduate,No,7200,0.0,120.0,360.0,1.0,Rural,Y,10080.0
LP001872,MALE,No,0,Graduate,Yes,5166,0.0,128.0,360.0,1.0,Semiurban,Y,10752.0
LP001875,MALE,No,0,Graduate,No,4095,3447.0,151.0,360.0,1.0,Rural,Y,12684.0
LP001877,MALE,Yes,2,Graduate,No,4708,1387.0,150.0,360.0,1.0,Semiurban,Y,12600.0
LP001882,MALE,Yes,3+,Graduate,No,4333,1811.0,160.0,360.0,0.0,Urban,Y,13440.0
LP001883,FEMALE,No,0,Graduate,,3418,0.0,135.0,360.0,1.0,Rural,N,11340.0
LP001884,FEMALE,No,1,Graduate,No,2876,1560.0,90.0,360.0,1.0,Urban,Y,7560.0
LP001888,FEMALE,No,0,Graduate,No,3237,0.0,30.0,360.0,1.0,Urban,Y,2520.0
LP001891,MALE,Yes,0,Graduate,No,11146,0.0,136.0,360.0,1.0,Urban,Y,11424.0
LP001892,MALE,No,0,Graduate,No,2833,1857.0,126.0,360.0,1.0,Rural,Y,10584.0
LP001894,MALE,Yes,0,Graduate,No,2620,2223.0,150.0,360.0,1.0,Semiurban,Y,12600.0
LP001896,MALE,Yes,2,Graduate,No,3900,0.0,90.0,360.0,1.0,Semiurban,Y,7560.0
LP001900,MALE,Yes,1,Graduate,No,2750,1842.0,115.0,360.0,1.0,Semiurban,Y,9660.0
LP001903,MALE,Yes,0,Graduate,No,3993,3274.0,207.0,360.0,1.0,Semiurban,Y,17388.0
LP001904,MALE,Yes,0,Graduate,No,3103,1300.0,80.0,360.0,1.0,Urban,Y,6720.0
LP001907,MALE,Yes,0,Graduate,No,14583,0.0,436.0,360.0,1.0,Semiurban,Y,36624.0
LP001908,FEMALE,Yes,0,Not Graduate,No,4100,0.0,124.0,360.0,,Rural,Y,10416.0
LP001910,MALE,No,1,Not Graduate,Yes,4053,2426.0,158.0,360.0,0.0,Urban,N,13272.0
LP001914,MALE,Yes,0,Graduate,No,3927,800.0,112.0,360.0,1.0,Semiurban,Y,9408.0
LP001915,MALE,Yes,2,Graduate,No,2301,985.7999878,78.0,180.0,1.0,Urban,Y,6552.0
LP001917,FEMALE,No,0,Graduate,No,1811,1666.0,54.0,360.0,1.0,Urban,Y,4536.0
LP001922,MALE,Yes,0,Graduate,No,20667,0.0,146.00504201680673,360.0,1.0,Rural,N,12264.423529411764
LP001924,MALE,No,0,Graduate,No,3158,3053.0,89.0,360.0,1.0,Rural,Y,7476.0
LP001925,FEMALE,No,0,Graduate,Yes,2600,1717.0,99.0,300.0,1.0,Semiurban,N,8316.0
LP001926,MALE,Yes,0,Graduate,No,3704,2000.0,120.0,360.0,1.0,rural,Y,10080.0
LP001931,FEMALE,No,0,Graduate,No,4124,0.0,115.0,360.0,1.0,Semiurban,Y,9660.0
LP001935,MALE,No,0,Graduate,No,9508,0.0,187.0,360.0,1.0,rural,Y,15708.0
LP001936,MALE,Yes,0,Graduate,No,3075,2416.0,139.0,360.0,1.0,rural,Y,11676.0
LP001938,MALE,Yes,2,Graduate,No,4400,0.0,127.0,360.0,0.0,Semiurban,N,10668.0
LP001940,MALE,Yes,2,Graduate,No,3153,1560.0,134.0,360.0,1.0,Urban,Y,11256.0
LP001945,FEMALE,No,,Graduate,No,5417,0.0,143.0,480.0,0.0,Urban,N,12012.0
LP001947,MALE,Yes,0,Graduate,No,2383,3334.0,172.0,360.0,1.0,Semiurban,Y,14448.0
LP001949,MALE,Yes,3+,Graduate,,4416,1250.0,110.0,360.0,1.0,Urban,Y,9240.0
LP001953,MALE,Yes,1,Graduate,No,6875,0.0,200.0,360.0,1.0,Semiurban,Y,16800.0
LP001954,FEMALE,Yes,1,Graduate,No,4666,0.0,135.0,360.0,1.0,Urban,Y,11340.0
LP001955,FEMALE,No,0,Graduate,No,5000,2541.0,151.0,480.0,1.0,rural,N,12684.0
LP001963,MALE,Yes,1,Graduate,No,2014,2925.0,113.0,360.0,1.0,Urban,N,9492.0
LP001964,MALE,Yes,0,Not Graduate,No,1800,2934.0,93.0,360.0,0.0,Urban,N,7812.0
LP001972,MALE,Yes,,Not Graduate,No,2875,1750.0,105.0,360.0,1.0,Semiurban,Y,8820.0
LP001974,FEMALE,No,0,Graduate,No,5000,0.0,132.0,360.0,1.0,rural,Y,11088.0
LP001977,MALE,Yes,1,Graduate,No,1625,1803.0,96.0,360.0,1.0,Urban,Y,8064.0
LP001978,MALE,No,0,Graduate,No,4000,2500.0,140.0,360.0,1.0,rural,Y,11760.0
LP001990,MALE,No,0,Not Graduate,No,2000,0.0,146.00504201680673,360.0,1.0,Urban,N,12264.423529411764
LP001993,FEMALE,No,0,Graduate,No,3762,1666.0,135.0,360.0,1.0,rural,Y,11340.0
LP001994,FEMALE,No,0,Graduate,No,2400,1863.0,104.0,360.0,0.0,Urban,N,8736.0
LP001996,MALE,No,0,Graduate,No,20233,0.0,480.0,360.0,1.0,rural,N,40320.0
LP001998,MALE,Yes,2,Not Graduate,No,7667,0.0,185.0,360.0,,rural,Y,15540.0
LP002002,FEMALE,No,0,Graduate,No,2917,0.0,84.0,360.0,1.0,Semiurban,Y,7056.0
LP002004,MALE,No,0,Not Graduate,No,2927,2405.0,111.0,360.0,1.0,Semiurban,Y,9324.0
LP002006,FEMALE,No,0,Graduate,No,2507,0.0,56.0,360.0,1.0,rural,Y,4704.0
LP002008,MALE,Yes,2,Graduate,Yes,5746,0.0,144.0,84.0,,rural,Y,12096.0
LP002024,MALE,Yes,0,Graduate,No,2473,1843.0,159.0,360.0,1.0,rural,N,13356.0
LP002031,MALE,Yes,1,Not Graduate,No,3399,1640.0,111.0,180.0,1.0,Urban,Y,9324.0
LP002035,MALE,Yes,2,Graduate,No,3717,0.0,120.0,360.0,1.0,Semiurban,Y,10080.0
LP002036,MALE,Yes,0,Graduate,No,2058,2134.0,88.0,360.0,,Urban,Y,7392.0
LP002043,FEMALE,No,1,Graduate,No,3541,0.0,112.0,360.0,,Semiurban,Y,9408.0
LP002050,MALE,Yes,1,Graduate,Yes,10000,0.0,155.0,360.0,1.0,rural,N,13020.0
LP002051,MALE,Yes,0,Graduate,No,2400,2167.0,115.0,360.0,1.0,Semiurban,Y,9660.0
LP002053,MALE,Yes,3+,Graduate,No,4342,189.0,124.0,360.0,1.0,Semiurban,Y,10416.0
LP002054,MALE,Yes,2,Not Graduate,No,3601,1590.0,146.00504201680673,360.0,1.0,rural,Y,12264.423529411764
LP002055,FEMALE,No,0,Graduate,No,3166,2985.0,132.0,360.0,,rural,Y,11088.0
LP002065,MALE,Yes,3+,Graduate,No,15000,0.0,300.0,360.0,1.0,rural,Y,25200.0
LP002067,MALE,Yes,1,Graduate,Yes,8666,4983.0,376.0,360.0,0.0,rural,N,31584.0
LP002068,MALE,No,0,Graduate,No,4917,0.0,130.0,360.0,0.0,rural,Y,10920.0
LP002082,MALE,Yes,0,Graduate,Yes,5818,2160.0,184.0,360.0,1.0,Semiurban,Y,15456.0
LP002086,FEMALE,Yes,0,Graduate,No,4333,2451.0,110.0,360.0,1.0,Urban,N,9240.0
LP002087,FEMALE,No,0,Graduate,No,2500,0.0,67.0,360.0,1.0,Urban,Y,5628.0
LP002097,MALE,No,1,Graduate,No,4384,1793.0,117.0,360.0,1.0,Urban,Y,9828.0
LP002098,MALE,No,0,Graduate,No,2935,0.0,98.0,360.0,1.0,Semiurban,Y,8232.0
LP002100,MALE,No,,Graduate,No,2833,0.0,71.0,360.0,1.0,Urban,Y,5964.0
LP002101,MALE,Yes,0,Graduate,,63337,0.0,490.0,180.0,1.0,Urban,Y,41160.0
LP002103,MALE,Yes,1,Graduate,Yes,9833,1833.0,182.0,180.0,1.0,Urban,Y,15288.0
LP002106,MALE,Yes,,Graduate,Yes,5503,4490.0,70.0,,1.0,Semiurban,Y,5880.0
LP002110,MALE,Yes,1,Graduate,,5250,688.0,160.0,360.0,1.0,rural,Y,13440.0
LP002112,MALE,Yes,2,Graduate,Yes,2500,4600.0,176.0,360.0,1.0,rural,Y,14784.0
LP002113,FEMALE,No,3+,Not Graduate,No,1830,0.0,146.00504201680673,360.0,0.0,Urban,N,12264.423529411764
LP002114,FEMALE,No,0,Graduate,No,4160,0.0,71.0,360.0,1.0,Semiurban,Y,5964.0
LP002115,MALE,Yes,3+,Not Graduate,No,2647,1587.0,173.0,360.0,1.0,rural,N,14532.0
LP002116,FEMALE,No,0,Graduate,No,2378,0.0,46.0,360.0,1.0,rural,N,3864.0
LP002119,MALE,Yes,1,Not Graduate,No,4554,1229.0,158.0,360.0,1.0,Urban,Y,13272.0
LP002126,MALE,Yes,3+,Not Graduate,No,3173,0.0,74.0,360.0,1.0,Semiurban,Y,6216.0
LP002128,MALE,Yes,2,Graduate,,2583,2330.0,125.0,360.0,1.0,rural,Y,10500.0
LP002129,MALE,Yes,0,Graduate,No,2499,2458.0,160.0,360.0,1.0,Semiurban,Y,13440.0
LP002130,MALE,Yes,,Not Graduate,No,3523,3230.0,152.0,360.0,0.0,rural,N,12768.0
LP002131,MALE,Yes,2,Not Graduate,No,3083,2168.0,126.0,360.0,1.0,Urban,Y,10584.0
LP002137,MALE,Yes,0,Graduate,No,6333,4583.0,259.0,360.0,,Semiurban,Y,21756.0
LP002138,MALE,Yes,0,Graduate,No,2625,6250.0,187.0,360.0,1.0,rural,Y,15708.0
LP002139,MALE,Yes,0,Graduate,No,9083,0.0,228.0,360.0,1.0,Semiurban,Y,19152.0
LP002140,MALE,No,0,Graduate,No,8750,4167.0,308.0,360.0,1.0,rural,N,25872.0
LP002141,MALE,Yes,3+,Graduate,No,2666,2083.0,95.0,360.0,1.0,rural,Y,7980.0
LP002142,FEMALE,Yes,0,Graduate,Yes,5500,0.0,105.0,360.0,0.0,rural,N,8820.0
LP002143,FEMALE,Yes,0,Graduate,No,2423,505.0,130.0,360.0,1.0,Semiurban,Y,10920.0
LP002144,FEMALE,No,,Graduate,No,3813,0.0,116.0,180.0,1.0,Urban,Y,9744.0
LP002149,MALE,Yes,2,Graduate,No,8333,3167.0,165.0,360.0,1.0,rural,Y,13860.0
LP002151,MALE,Yes,1,Graduate,No,3875,0.0,67.0,360.0,1.0,Urban,N,5628.0
LP002158,MALE,Yes,0,Not Graduate,No,3000,1666.0,100.0,480.0,0.0,Urban,N,8400.0
LP002160,MALE,Yes,3+,Graduate,No,5167,3167.0,200.0,360.0,1.0,Semiurban,Y,16800.0
LP002161,FEMALE,No,1,Graduate,No,4723,0.0,81.0,360.0,1.0,Semiurban,N,6804.0
LP002170,MALE,Yes,2,Graduate,No,5000,3667.0,236.0,360.0,1.0,Semiurban,Y,19824.0
LP002175,MALE,Yes,0,Graduate,No,4750,2333.0,130.0,360.0,1.0,Urban,Y,10920.0
LP002178,MALE,Yes,0,Graduate,No,3013,3033.0,95.0,300.0,,Urban,Y,7980.0
LP002180,MALE,No,0,Graduate,Yes,6822,0.0,141.0,360.0,1.0,rural,Y,11844.0
LP002181,MALE,No,0,Not Graduate,No,6216,0.0,133.0,360.0,1.0,rural,N,11172.0
LP002187,MALE,No,0,Graduate,No,2500,0.0,96.0,480.0,1.0,Semiurban,N,8064.0
LP002188,MALE,No,0,Graduate,No,5124,0.0,124.0,,0.0,rural,N,10416.0
LP002190,MALE,Yes,1,Graduate,No,6325,0.0,175.0,360.0,1.0,Semiurban,Y,14700.0
LP002191,MALE,Yes,0,Graduate,No,19730,5266.0,570.0,360.0,1.0,rural,N,47880.0
LP002194,FEMALE,No,0,Graduate,Yes,15759,0.0,55.0,360.0,1.0,Semiurban,Y,4620.0
LP002197,MALE,Yes,2,Graduate,No,5185,0.0,155.0,360.0,1.0,Semiurban,Y,13020.0
LP002201,MALE,Yes,2,Graduate,Yes,9323,7873.0,380.0,300.0,1.0,rural,Y,31920.0
LP002205,MALE,No,1,Graduate,No,3062,1987.0,111.0,180.0,0.0,Urban,N,9324.0
LP002209,FEMALE,No,0,Graduate,,2764,1459.0,110.0,360.0,1.0,Urban,Y,9240.0
LP002211,MALE,Yes,0,Graduate,No,4817,923.0,120.0,180.0,1.0,Urban,Y,10080.0
LP002219,MALE,Yes,3+,Graduate,No,8750,4996.0,130.0,360.0,1.0,rural,Y,10920.0
LP002223,MALE,Yes,0,Graduate,No,4310,0.0,130.0,360.0,,Semiurban,Y,10920.0
LP002224,MALE,No,0,Graduate,No,3069,0.0,71.0,480.0,1.0,Urban,N,5964.0
LP002225,MALE,Yes,2,Graduate,No,5391,0.0,130.0,360.0,1.0,Urban,Y,10920.0
LP002226,MALE,Yes,0,Graduate,,3333,2500.0,128.0,360.0,1.0,Semiurban,Y,10752.0
LP002229,MALE,No,0,Graduate,No,5941,4232.0,296.0,360.0,1.0,Semiurban,Y,24864.0
LP002231,FEMALE,No,0,Graduate,No,6000,0.0,156.0,360.0,1.0,Urban,Y,13104.0
LP002234,MALE,No,0,Graduate,Yes,7167,0.0,128.0,360.0,1.0,Urban,Y,10752.0
LP002236,MALE,Yes,2,Graduate,No,4566,0.0,100.0,360.0,1.0,Urban,N,8400.0
LP002237,MALE,No,1,Graduate,,3667,0.0,113.0,180.0,1.0,Urban,Y,9492.0
LP002239,MALE,No,0,Not Graduate,No,2346,1600.0,132.0,360.0,1.0,Semiurban,Y,11088.0
LP002243,MALE,Yes,0,Not Graduate,No,3010,3136.0,146.00504201680673,360.0,0.0,Urban,N,12264.423529411764
LP002244,MALE,Yes,0,Graduate,No,2333,2417.0,136.0,360.0,1.0,Urban,Y,11424.0
LP002250,MALE,Yes,0,Graduate,No,5488,0.0,125.0,360.0,1.0,rural,Y,10500.0
LP002255,MALE,No,3+,Graduate,No,9167,0.0,185.0,360.0,1.0,rural,Y,15540.0
LP002262,MALE,Yes,3+,Graduate,No,9504,0.0,275.0,360.0,1.0,rural,Y,23100.0
LP002263,MALE,Yes,0,Graduate,No,2583,2115.0,120.0,360.0,,Urban,Y,10080.0
LP002265,MALE,Yes,2,Not Graduate,No,1993,1625.0,113.0,180.0,1.0,Semiurban,Y,9492.0
LP002266,MALE,Yes,2,Graduate,No,3100,1400.0,113.0,360.0,1.0,Urban,Y,9492.0
LP002272,MALE,Yes,2,Graduate,No,3276,484.0,135.0,360.0,,Semiurban,Y,11340.0
LP002277,FEMALE,No,0,Graduate,No,3180,0.0,71.0,360.0,0.0,Urban,N,5964.0
LP002281,MALE,Yes,0,Graduate,No,3033,1459.0,95.0,360.0,1.0,Urban,Y,7980.0
LP002284,MALE,No,0,Not Graduate,No,3902,1666.0,109.0,360.0,1.0,rural,Y,9156.0
LP002287,FEMALE,No,0,Graduate,No,1500,1800.0,103.0,360.0,0.0,Semiurban,N,8652.0
LP002288,MALE,Yes,2,Not Graduate,No,2889,0.0,45.0,180.0,0.0,Urban,N,3780.0
LP002296,MALE,No,0,Not Graduate,No,2755,0.0,65.0,300.0,1.0,rural,N,5460.0
LP002297,MALE,No,0,Graduate,No,2500,20000.0,103.0,360.0,1.0,Semiurban,Y,8652.0
LP002300,FEMALE,No,0,Not Graduate,No,1963,0.0,53.0,360.0,1.0,Semiurban,Y,4452.0
LP002301,FEMALE,No,0,Graduate,Yes,7441,0.0,194.0,360.0,1.0,rural,N,16296.0
LP002305,FEMALE,No,0,Graduate,No,4547,0.0,115.0,360.0,1.0,Semiurban,Y,9660.0
LP002308,MALE,Yes,0,Not Graduate,No,2167,2400.0,115.0,360.0,1.0,Urban,Y,9660.0
LP002314,FEMALE,No,0,Not Graduate,No,2213,0.0,66.0,360.0,1.0,rural,Y,5544.0
LP002315,MALE,Yes,1,Graduate,No,8300,0.0,152.0,300.0,0.0,Semiurban,N,12768.0
LP002317,MALE,Yes,3+,Graduate,No,81000,0.0,360.0,360.0,0.0,rural,N,30240.0
LP002318,FEMALE,No,1,Not Graduate,Yes,3867,0.0,62.0,360.0,1.0,Semiurban,N,5208.0
LP002319,MALE,Yes,0,Graduate,,6256,0.0,160.0,360.0,,Urban,Y,13440.0
LP002328,MALE,Yes,0,Not Graduate,No,6096,0.0,218.0,360.0,0.0,rural,N,18312.0
LP002332,MALE,Yes,0,Not Graduate,No,2253,2033.0,110.0,360.0,1.0,rural,Y,9240.0
LP002335,FEMALE,Yes,0,Not Graduate,No,2149,3237.0,178.0,360.0,0.0,Semiurban,N,14952.0
LP002337,FEMALE,No,0,Graduate,No,2995,0.0,60.0,360.0,1.0,Urban,Y,5040.0
LP002341,FEMALE,No,1,Graduate,No,2600,0.0,160.0,360.0,1.0,Urban,N,13440.0
LP002342,MALE,Yes,2,Graduate,Yes,1600,20000.0,239.0,360.0,1.0,Urban,N,20076.0
LP002345,MALE,Yes,0,Graduate,No,1025,2773.0,112.0,360.0,1.0,rural,Y,9408.0
LP002347,MALE,Yes,0,Graduate,No,3246,1417.0,138.0,360.0,1.0,Semiurban,Y,11592.0
LP002348,MALE,Yes,0,Graduate,No,5829,0.0,138.0,360.0,1.0,rural,Y,11592.0
LP002357,FEMALE,No,0,Not Graduate,No,2720,0.0,80.0,,0.0,Urban,N,6720.0
LP002361,MALE,Yes,0,Graduate,No,1820,1719.0,100.0,360.0,1.0,Urban,Y,8400.0
LP002362,MALE,Yes,1,Graduate,No,7250,1667.0,110.0,,0.0,Urban,N,9240.0
LP002364,MALE,Yes,0,Graduate,No,14880,0.0,96.0,360.0,1.0,Semiurban,Y,8064.0
LP002366,MALE,Yes,0,Graduate,No,2666,4300.0,121.0,360.0,1.0,rural,Y,10164.0
LP002367,FEMALE,No,1,Not Graduate,No,4606,0.0,81.0,360.0,1.0,rural,N,6804.0
LP002368,MALE,Yes,2,Graduate,No,5935,0.0,133.0,360.0,1.0,Semiurban,Y,11172.0
LP002369,MALE,Yes,0,Graduate,No,2920,16.12000084,87.0,360.0,1.0,rural,Y,7308.0
LP002370,MALE,No,0,Not Graduate,No,2717,0.0,60.0,180.0,1.0,Urban,Y,5040.0
LP002377,FEMALE,No,1,Graduate,Yes,8624,0.0,150.0,360.0,1.0,Semiurban,Y,12600.0
LP002379,MALE,No,0,Graduate,No,6500,0.0,105.0,360.0,0.0,rural,N,8820.0
LP002386,MALE,No,0,Graduate,,12876,0.0,405.0,360.0,1.0,Semiurban,Y,34020.0
LP002387,MALE,Yes,0,Graduate,No,2425,2340.0,143.0,360.0,1.0,Semiurban,Y,12012.0
LP002390,MALE,No,0,Graduate,No,3750,0.0,100.0,360.0,1.0,Urban,Y,8400.0
LP002393,FEMALE,Yes,,Graduate,No,10047,0.0,146.00504201680673,240.0,1.0,Semiurban,Y,12264.423529411764
LP002398,MALE,No,0,Graduate,No,1926,1851.0,50.0,360.0,1.0,Semiurban,Y,4200.0
LP002401,MALE,Yes,0,Graduate,No,2213,1125.0,146.00504201680673,360.0,1.0,Urban,Y,12264.423529411764
LP002403,MALE,No,0,Graduate,Yes,10416,0.0,187.0,360.0,0.0,Urban,N,15708.0
LP002407,FEMALE,Yes,0,Not Graduate,Yes,7142,0.0,138.0,360.0,1.0,rural,Y,11592.0
LP002408,MALE,No,0,Graduate,No,3660,5064.0,187.0,360.0,1.0,Semiurban,Y,15708.0
LP002409,MALE,Yes,0,Graduate,No,7901,1833.0,180.0,360.0,1.0,rural,Y,15120.0
LP002418,MALE,No,3+,Not Graduate,No,4707,1993.0,148.0,360.0,1.0,Semiurban,Y,12432.0
LP002422,MALE,No,1,Graduate,No,37719,0.0,152.0,360.0,1.0,Semiurban,Y,12768.0
LP002424,MALE,Yes,0,Graduate,No,7333,8333.0,175.0,300.0,,rural,Y,14700.0
LP002429,MALE,Yes,1,Graduate,Yes,3466,1210.0,130.0,360.0,1.0,rural,Y,10920.0
LP002434,MALE,Yes,2,Not Graduate,No,4652,0.0,110.0,360.0,1.0,rural,Y,9240.0
LP002435,MALE,Yes,0,Graduate,,3539,1376.0,55.0,360.0,1.0,rural,N,4620.0
LP002443,MALE,Yes,2,Graduate,No,3340,1710.0,150.0,360.0,0.0,rural,N,12600.0
LP002444,MALE,No,1,Not Graduate,Yes,2769,1542.0,190.0,360.0,,Semiurban,N,15960.0
LP002446,MALE,Yes,2,Not Graduate,No,2309,1255.0,125.0,360.0,0.0,rural,N,10500.0
LP002447,MALE,Yes,2,Not Graduate,No,1958,1456.0,60.0,300.0,,Urban,Y,5040.0
LP002448,MALE,Yes,0,Graduate,No,3948,1733.0,149.0,360.0,0.0,rural,N,12516.0
LP002449,MALE,Yes,0,Graduate,No,2483,2466.0,90.0,180.0,0.0,rural,Y,7560.0
LP002453,MALE,No,0,Graduate,Yes,7085,0.0,84.0,360.0,1.0,Semiurban,Y,7056.0
LP002455,MALE,Yes,2,Graduate,No,3859,0.0,96.0,360.0,1.0,Semiurban,Y,8064.0
LP002459,MALE,Yes,0,Graduate,No,4301,0.0,118.0,360.0,1.0,Urban,Y,9912.0
LP002467,MALE,Yes,0,Graduate,No,3708,2569.0,173.0,360.0,1.0,Urban,N,14532.0
LP002472,MALE,No,2,Graduate,No,4354,0.0,136.0,360.0,1.0,rural,Y,11424.0
LP002473,MALE,Yes,0,Graduate,No,8334,0.0,160.0,360.0,1.0,Semiurban,N,13440.0
LP002478,MALE,Yes,0,Graduate,Yes,2083,4083.0,160.0,360.0,,Semiurban,Y,13440.0
LP002484,MALE,Yes,3+,Graduate,No,7740,0.0,128.0,180.0,1.0,Urban,Y,10752.0
LP002487,MALE,Yes,0,Graduate,No,3015,2188.0,153.0,360.0,1.0,rural,Y,12852.0
LP002489,FEMALE,No,1,Not Graduate,,5191,0.0,132.0,360.0,1.0,Semiurban,Y,11088.0
LP002493,MALE,No,0,Graduate,No,4166,0.0,98.0,360.0,0.0,Semiurban,N,8232.0
LP002494,MALE,No,0,Graduate,No,6000,0.0,140.0,360.0,1.0,rural,Y,11760.0
LP002500,MALE,Yes,3+,Not Graduate,No,2947,1664.0,70.0,180.0,0.0,Urban,N,5880.0
LP002501,MALE,Yes,0,Graduate,No,16692,0.0,110.0,360.0,1.0,Semiurban,Y,9240.0
LP002502,FEMALE,Yes,2,Not Graduate,,210,2917.0,98.0,360.0,1.0,Semiurban,Y,8232.0
LP002505,MALE,Yes,0,Graduate,No,4333,2451.0,110.0,360.0,1.0,Urban,N,9240.0
LP002515,MALE,Yes,1,Graduate,Yes,3450,2079.0,162.0,360.0,1.0,Semiurban,Y,13608.0
LP002517,MALE,Yes,1,Not Graduate,No,2653,1500.0,113.0,180.0,0.0,rural,N,9492.0
LP002519,MALE,Yes,3+,Graduate,No,4691,0.0,100.0,360.0,1.0,Semiurban,Y,8400.0
LP002522,FEMALE,No,0,Graduate,Yes,2500,0.0,93.0,360.0,,Urban,Y,7812.0
LP002524,MALE,No,2,Graduate,No,5532,4648.0,162.0,360.0,1.0,rural,Y,13608.0
LP002527,MALE,Yes,2,Graduate,Yes,16525,1014.0,150.0,360.0,1.0,rural,Y,12600.0
LP002529,MALE,Yes,2,Graduate,No,6700,1750.0,230.0,300.0,1.0,Semiurban,Y,19320.0
LP002530,MALE,Yes,2,Graduate,No,2873,1872.0,132.0,360.0,0.0,Semiurban,N,11088.0
LP002531,MALE,Yes,1,Graduate,Yes,16667,2250.0,86.0,360.0,1.0,Semiurban,Y,7224.0
LP002533,MALE,Yes,2,Graduate,No,2947,1603.0,146.00504201680673,360.0,1.0,Urban,N,12264.423529411764
LP002534,FEMALE,No,0,Not Graduate,No,4350,0.0,154.0,360.0,1.0,rural,Y,12936.0
LP002536,MALE,Yes,3+,Not Graduate,No,3095,0.0,113.0,360.0,1.0,rural,Y,9492.0
LP002537,MALE,Yes,0,Graduate,No,2083,3150.0,128.0,360.0,1.0,Semiurban,Y,10752.0
LP002541,MALE,Yes,0,Graduate,No,10833,0.0,234.0,360.0,1.0,Semiurban,Y,19656.0
LP002543,MALE,Yes,2,Graduate,No,8333,0.0,246.0,360.0,1.0,Semiurban,Y,20664.0
LP002544,MALE,Yes,1,Not Graduate,No,1958,2436.0,131.0,360.0,1.0,rural,Y,11004.0
LP002545,MALE,No,2,Graduate,No,3547,0.0,80.0,360.0,0.0,rural,N,6720.0
LP002547,MALE,Yes,1,Graduate,No,18333,0.0,500.0,360.0,1.0,Urban,N,42000.0
LP002555,MALE,Yes,2,Graduate,Yes,4583,2083.0,160.0,360.0,1.0,Semiurban,Y,13440.0
LP002556,MALE,No,0,Graduate,No,2435,0.0,75.0,360.0,1.0,Urban,N,6300.0
LP002560,MALE,No,0,Not Graduate,No,2699,2785.0,96.0,360.0,,Semiurban,Y,8064.0
LP002562,MALE,Yes,1,Not Graduate,No,5333,1131.0,186.0,360.0,,Urban,Y,15624.0
LP002571,MALE,No,0,Not Graduate,No,3691,0.0,110.0,360.0,1.0,Rural,Y,9240.0
LP002582,FEMALE,No,0,Not Graduate,Yes,17263,0.0,225.0,360.0,1.0,Semiurban,Y,18900.0
LP002585,MALE,Yes,0,Graduate,No,3597,2157.0,119.0,360.0,0.0,Rural,N,9996.0
LP002586,FEMALE,Yes,1,Graduate,No,3326,913.0,105.0,84.0,1.0,Semiurban,Y,8820.0
LP002587,MALE,Yes,0,Not Graduate,No,2600,1700.0,107.0,360.0,1.0,Rural,Y,8988.0
LP002588,MALE,Yes,0,Graduate,No,4625,2857.0,111.0,12.0,,Urban,Y,9324.0
LP002600,MALE,Yes,1,Graduate,Yes,2895,0.0,95.0,360.0,1.0,Semiurban,Y,7980.0
LP002602,MALE,No,0,Graduate,No,6283,4416.0,209.0,360.0,0.0,Rural,N,17556.0
LP002603,FEMALE,No,0,Graduate,No,645,3683.0,113.0,480.0,1.0,Rural,Y,9492.0
LP002606,FEMALE,No,0,Graduate,No,3159,0.0,100.0,360.0,1.0,Semiurban,Y,8400.0
LP002615,MALE,Yes,2,Graduate,No,4865,5624.0,208.0,360.0,1.0,Semiurban,Y,17472.0
LP002618,MALE,Yes,1,Not Graduate,No,4050,5302.0,138.0,360.0,,Rural,N,11592.0
LP002619,MALE,Yes,0,Not Graduate,No,3814,1483.0,124.0,300.0,1.0,Semiurban,Y,10416.0
LP002622,MALE,Yes,2,Graduate,No,3510,4416.0,243.0,360.0,1.0,Rural,Y,20412.0
LP002624,MALE,Yes,0,Graduate,No,20833,6667.0,480.0,360.0,,Urban,Y,40320.0
LP002625,MALE,No,0,Graduate,No,3583,0.0,96.0,360.0,1.0,Urban,N,8064.0
LP002626,MALE,Yes,0,Graduate,Yes,2479,3013.0,188.0,360.0,1.0,Urban,Y,15792.0
LP002634,FEMALE,No,1,Graduate,No,13262,0.0,40.0,360.0,1.0,Urban,Y,3360.0
LP002637,MALE,No,0,Not Graduate,No,3598,1287.0,100.0,360.0,1.0,Rural,N,8400.0
LP002640,MALE,Yes,1,Graduate,No,6065,2004.0,250.0,360.0,1.0,Semiurban,Y,21000.0
LP002643,MALE,Yes,2,Graduate,No,3283,2035.0,148.0,360.0,1.0,Urban,Y,12432.0
LP002648,MALE,Yes,0,Graduate,No,2130,6666.0,70.0,180.0,1.0,Semiurban,N,5880.0
LP002652,MALE,No,0,Graduate,No,5815,3666.0,311.0,360.0,1.0,Rural,N,26124.0
LP002659,MALE,Yes,3+,Graduate,No,3466,3428.0,150.0,360.0,1.0,Rural,Y,12600.0
LP002670,FEMALE,Yes,2,Graduate,No,2031,1632.0,113.0,480.0,1.0,Semiurban,Y,9492.0
LP002682,MALE,Yes,,Not Graduate,No,3074,1800.0,123.0,360.0,0.0,Semiurban,N,10332.0
LP002683,MALE,No,0,Graduate,No,4683,1915.0,185.0,360.0,1.0,Semiurban,N,15540.0
LP002684,FEMALE,No,0,Not Graduate,No,3400,0.0,95.0,360.0,1.0,Rural,N,7980.0
LP002689,MALE,Yes,2,Not Graduate,No,2192,1742.0,45.0,360.0,1.0,Semiurban,Y,3780.0
LP002690,MALE,No,0,Graduate,No,2500,0.0,55.0,360.0,1.0,Semiurban,Y,4620.0
LP002692,MALE,Yes,3+,Graduate,Yes,5677,1424.0,100.0,360.0,1.0,Rural,Y,8400.0
LP002693,MALE,Yes,2,Graduate,Yes,7948,7166.0,480.0,360.0,1.0,Rural,Y,40320.0
LP002697,MALE,No,0,Graduate,No,4680,2087.0,146.00504201680673,360.0,1.0,Semiurban,N,12264.423529411764
LP002699,MALE,Yes,2,Graduate,Yes,17500,0.0,400.0,360.0,1.0,Rural,Y,33600.0
LP002705,MALE,Yes,0,Graduate,No,3775,0.0,110.0,360.0,1.0,Semiurban,Y,9240.0
LP002706,MALE,Yes,1,Not Graduate,No,5285,1430.0,161.0,360.0,0.0,Semiurban,Y,13524.0
LP002714,MALE,No,1,Not Graduate,No,2679,1302.0,94.0,360.0,1.0,Semiurban,Y,7896.0
LP002716,MALE,No,0,Not Graduate,No,6783,0.0,130.0,360.0,1.0,Semiurban,Y,10920.0
LP002717,MALE,Yes,0,Graduate,No,1025,5500.0,216.0,360.0,,Rural,Y,18144.0
LP002720,MALE,Yes,3+,Graduate,No,4281,0.0,100.0,360.0,1.0,Urban,Y,8400.0
LP002723,MALE,No,2,Graduate,No,3588,0.0,110.0,360.0,0.0,Rural,N,9240.0
LP002729,MALE,No,1,Graduate,No,11250,0.0,196.0,360.0,,Semiurban,N,16464.0
LP002731,FEMALE,No,0,Not Graduate,Yes,18165,0.0,125.0,360.0,1.0,Urban,Y,10500.0
LP002732,MALE,No,0,Not Graduate,,2550,2042.0,126.0,360.0,1.0,Rural,Y,10584.0
LP002734,MALE,Yes,0,Graduate,No,6133,3906.0,324.0,360.0,1.0,Urban,Y,27216.0
LP002738,MALE,No,2,Graduate,No,3617,0.0,107.0,360.0,1.0,Semiurban,Y,8988.0
LP002739,MALE,Yes,0,Not Graduate,No,2917,536.0,66.0,360.0,1.0,Rural,N,5544.0
LP002740,MALE,Yes,3+,Graduate,No,6417,0.0,157.0,180.0,1.0,Rural,Y,13188.0
LP002741,FEMALE,Yes,1,Graduate,No,4608,2845.0,140.0,180.0,1.0,Semiurban,Y,11760.0
LP002743,FEMALE,No,0,Graduate,No,2138,0.0,99.0,360.0,0.0,Semiurban,N,8316.0
LP002753,FEMALE,No,1,Graduate,,3652,0.0,95.0,360.0,1.0,Semiurban,Y,7980.0
LP002755,MALE,Yes,1,Not Graduate,No,2239,2524.0,128.0,360.0,1.0,Urban,Y,10752.0
LP002757,FEMALE,Yes,0,Not Graduate,No,3017,663.0,102.0,360.0,,Semiurban,Y,8568.0
LP002767,MALE,Yes,0,Graduate,No,2768,1950.0,155.0,360.0,1.0,Rural,Y,13020.0
LP002768,MALE,No,0,Not Graduate,No,3358,0.0,80.0,36.0,1.0,Semiurban,N,6720.0
LP002772,MALE,No,0,Graduate,No,2526,1783.0,145.0,360.0,1.0,Rural,Y,12180.0
LP002776,FEMALE,No,0,Graduate,No,5000,0.0,103.0,360.0,0.0,Semiurban,N,8652.0
LP002777,MALE,Yes,0,Graduate,No,2785,2016.0,110.0,360.0,1.0,Rural,Y,9240.0
LP002778,MALE,Yes,2,Graduate,Yes,6633,0.0,146.00504201680673,360.0,0.0,Rural,N,12264.423529411764
LP002784,MALE,Yes,1,Not Graduate,No,2492,2375.0,146.00504201680673,360.0,1.0,Rural,Y,12264.423529411764
LP002785,MALE,Yes,1,Graduate,No,3333,3250.0,158.0,360.0,1.0,Urban,Y,13272.0
LP002788,MALE,Yes,0,Not Graduate,No,2454,2333.0,181.0,360.0,0.0,Urban,N,15204.0
LP002789,MALE,Yes,0,Graduate,No,3593,4266.0,132.0,180.0,0.0,Rural,N,11088.0
LP002792,MALE,Yes,1,Graduate,No,5468,1032.0,26.0,360.0,1.0,Semiurban,Y,2184.0
LP002794,FEMALE,No,0,Graduate,No,2667,1625.0,84.0,360.0,,Urban,Y,7056.0
LP002795,MALE,Yes,3+,Graduate,Yes,10139,0.0,260.0,360.0,1.0,Semiurban,Y,21840.0
LP002798,MALE,Yes,0,Graduate,No,3887,2669.0,162.0,360.0,1.0,Semiurban,Y,13608.0
LP002804,FEMALE,Yes,0,Graduate,No,4180,2306.0,182.0,360.0,1.0,Semiurban,Y,15288.0
LP002807,MALE,Yes,2,Not Graduate,No,3675,242.0,108.0,360.0,1.0,Semiurban,Y,9072.0
LP002813,FEMALE,Yes,1,Graduate,Yes,19484,0.0,600.0,360.0,1.0,Semiurban,Y,50400.0
LP002820,MALE,Yes,0,Graduate,No,5923,2054.0,211.0,360.0,1.0,Rural,Y,17724.0
LP002821,MALE,No,0,Not Graduate,Yes,5800,0.0,132.0,360.0,1.0,Semiurban,Y,11088.0
LP002832,MALE,Yes,2,Graduate,No,8799,0.0,258.0,360.0,0.0,Urban,N,21672.0
LP002833,MALE,Yes,0,Not Graduate,No,4467,0.0,120.0,360.0,,Rural,Y,10080.0
LP002836,MALE,No,0,Graduate,No,3333,0.0,70.0,360.0,1.0,Urban,Y,5880.0
LP002837,MALE,Yes,3+,Graduate,No,3400,2500.0,123.0,360.0,0.0,Rural,N,10332.0
LP002840,FEMALE,No,0,Graduate,No,2378,0.0,9.0,360.0,1.0,Urban,N,756.0
LP002841,MALE,Yes,0,Graduate,No,3166,2064.0,104.0,360.0,0.0,Urban,N,8736.0
LP002842,MALE,Yes,1,Graduate,No,3417,1750.0,186.0,360.0,1.0,Urban,Y,15624.0
LP002847,MALE,Yes,,Graduate,No,5116,1451.0,165.0,360.0,0.0,Urban,N,13860.0
LP002855,MALE,Yes,2,Graduate,No,16666,0.0,275.0,360.0,1.0,Urban,Y,23100.0
LP002862,MALE,Yes,2,Not Graduate,No,6125,1625.0,187.0,480.0,1.0,Semiurban,N,15708.0
LP002863,MALE,Yes,3+,Graduate,No,6406,0.0,150.0,360.0,1.0,Semiurban,N,12600.0
LP002868,MALE,Yes,2,Graduate,No,3159,461.0,108.0,84.0,1.0,Urban,Y,9072.0
LP002872,MALE,Yes,0,Graduate,No,3087,2210.0,136.0,360.0,0.0,Semiurban,N,11424.0
LP002874,MALE,No,0,Graduate,No,3229,2739.0,110.0,360.0,1.0,Urban,Y,9240.0
LP002877,MALE,Yes,1,Graduate,No,1782,2232.0,107.0,360.0,1.0,Rural,Y,8988.0
LP002888,MALE,No,0,Graduate,,3182,2917.0,161.0,360.0,1.0,Urban,Y,13524.0
LP002892,MALE,Yes,2,Graduate,No,6540,0.0,205.0,360.0,1.0,Semiurban,Y,17220.0
LP002893,MALE,No,0,Graduate,No,1836,33837.0,90.0,360.0,1.0,Urban,N,7560.0
LP002894,FEMALE,Yes,0,Graduate,No,3166,0.0,36.0,360.0,1.0,Semiurban,Y,3024.0
LP002898,MALE,Yes,1,Graduate,No,1880,0.0,61.0,360.0,,Rural,N,5124.0
LP002911,MALE,Yes,1,Graduate,No,2787,1917.0,146.0,360.0,0.0,Rural,N,12264.0
LP002912,MALE,Yes,1,Graduate,No,4283,3000.0,172.0,84.0,1.0,Rural,N,14448.0
LP002916,MALE,Yes,0,Graduate,No,2297,1522.0,104.0,360.0,1.0,Urban,Y,8736.0
LP002917,FEMALE,No,0,Not Graduate,No,2165,0.0,70.0,360.0,1.0,Semiurban,Y,5880.0
LP002925,MALE,No,0,Graduate,No,4750,0.0,94.0,360.0,1.0,Semiurban,Y,7896.0
LP002926,MALE,Yes,2,Graduate,Yes,2726,0.0,106.0,360.0,0.0,Semiurban,N,8904.0
LP002928,MALE,Yes,0,Graduate,No,3000,3416.0,56.0,180.0,1.0,Semiurban,Y,4704.0
LP002931,MALE,Yes,2,Graduate,Yes,6000,0.0,205.0,240.0,1.0,Semiurban,N,17220.0
LP002933,MALE,No,3+,Graduate,Yes,9357,0.0,292.0,360.0,1.0,Semiurban,Y,24528.0
LP002936,MALE,Yes,0,Graduate,No,3859,3300.0,142.0,180.0,1.0,Rural,Y,11928.0
LP002938,MALE,Yes,0,Graduate,Yes,16120,0.0,260.0,360.0,1.0,Urban,Y,21840.0
LP002940,MALE,No,0,Not Graduate,No,3833,0.0,110.0,360.0,1.0,Rural,Y,9240.0
LP002941,MALE,Yes,2,Not Graduate,Yes,6383,1000.0,187.0,360.0,1.0,Rural,N,15708.0
LP002943,MALE,No,,Graduate,No,2987,0.0,88.0,360.0,0.0,Semiurban,N,7392.0
LP002945,MALE,Yes,0,Graduate,Yes,9963,0.0,180.0,360.0,1.0,Rural,Y,15120.0
LP002948,MALE,Yes,2,Graduate,No,5780,0.0,192.0,360.0,1.0,Urban,Y,16128.0
LP002949,FEMALE,No,3+,Graduate,,416,41667.0,350.0,180.0,,Urban,N,29400.0
LP002950,MALE,Yes,0,Not Graduate,,2894,2792.0,155.0,360.0,1.0,Rural,Y,13020.0
LP002953,MALE,Yes,3+,Graduate,No,5703,0.0,128.0,360.0,1.0,Urban,Y,10752.0
LP002958,MALE,No,0,Graduate,No,3676,4301.0,172.0,360.0,1.0,Rural,Y,14448.0
LP002959,FEMALE,Yes,1,Graduate,No,12000,0.0,496.0,360.0,1.0,Semiurban,Y,41664.0
LP002960,MALE,Yes,0,Not Graduate,No,2400,3800.0,146.00504201680673,180.0,1.0,Urban,N,12264.423529411764
LP002961,MALE,Yes,1,Graduate,No,3400,2500.0,173.0,360.0,1.0,Semiurban,Y,14532.0
LP002964,MALE,Yes,2,Not Graduate,No,3987,1411.0,157.0,360.0,1.0,Rural,Y,13188.0
LP002974,MALE,Yes,0,Graduate,No,3232,1950.0,108.0,360.0,1.0,Rural,Y,9072.0
LP002978,FEMALE,No,0,Graduate,No,2900,0.0,71.0,360.0,1.0,Rural,Y,5964.0
LP002979,MALE,Yes,3+,Graduate,No,4106,0.0,40.0,180.0,1.0,Rural,Y,3360.0
LP002983,MALE,Yes,1,Graduate,No,8072,240.0,253.0,360.0,1.0,Urban,Y,21252.0
LP002984,MALE,Yes,2,Graduate,No,7583,0.0,187.0,360.0,1.0,Urban,Y,15708.0
LP002990,FEMALE,No,0,Graduate,Yes,4583,0.0,133.0,360.0,0.0,Semiurban,N,11172.0
