Loan_ID,Gender,Name,Married,Dependents,Education,Self_Employed,ApplicantIncome,CoapplicantIncome,LoanAmount,Loan_Amount_Term,Credit_History,Property_Area,Loan_Status
LP001036,Female,Emma,No,0,Graduate,No,3510,0,76,360,0,Urban,N
LP001087,Female,Olivia,No,2,Graduate,,3750,2083,120,360,1,Semiurban,Y
LP001112,Female,Ava,Yes,0,Graduate,No,3667,1459,144,360,1,Semiurban,Y
LP001137,Female,Isabella,No,0,Graduate,No,3410,0,88,,1,Urban,Y
LP001146,Female,Sophia,Yes,0,Graduate,No,2645,3440,120,360,0,Urban,N
LP001151,Female,Mia,No,0,Graduate,No,4000,2275,144,360,1,Semiurban,Y
LP001155,Female,Amelia,Yes,0,Not Graduate,No,1928,1644,100,360,1,Semiurban,Y
LP001157,Female,Harper,No,0,Graduate,No,3086,0,120,360,1,Semiurban,Y
LP001164,Female,Evelyn,No,0,Graduate,No,4230,0,112,360,1,Semiurban,N
LP001186,Female,Abigail,Yes,1,Graduate,Yes,11500,0,286,360,0,Urban,N
LP001222,Female,Emily,No,0,Graduate,No,4166,0,116,360,0,Semiurban,N
LP001241,Female,Charlotte,No,0,Graduate,No,4300,0,136,360,0,Semiurban,N
LP001265,Female,Elizabeth,No,0,Graduate,No,3846,0,111,360,1,Semiurban,Y
LP001267,Female,Avery,Yes,2,Graduate,No,1378,1881,167,360,1,Urban,N
LP001327,Female,Sofia,Yes,0,Graduate,No,2484,2302,137,360,1,Semiurban,Y
LP001327,Female,Ella,Yes,0,Graduate,No,2484,2302,137,360,1,Semiurban,Y
LP001387,Female,Madison,Yes,0,Graduate,,2929,2333,139,360,1,Semiurban,Y
LP001392,Female,Scarlett,No,1,Graduate,Yes,7451,0,,360,1,Semiurban,Y
LP001404,Female,Victoria,Yes,0,Graduate,No,3167,2283,154,360,1,Semiurban,Y
LP001422,Female,Aria,No,0,Graduate,No,10408,0,259,360,1,Urban,Y
LP001430,Female,Grace,No,0,Graduate,No,4166,0,44,360,1,Semiurban,Y
LP001431,Female,Chloe,No,0,Graduate,No,2137,8980,137,360,0,Semiurban,Y
LP001443,Female,Camila,No,0,Graduate,No,3692,0,93,360,,Rural,Y
LP001489,Female,Penelope,Yes,0,Graduate,No,4583,0,84,360,1,Rural,N
LP001514,Female,Riley,Yes,0,Graduate,No,2330,4486,100,360,1,Semiurban,Y
LP001516,Female,Layla,Yes,2,Graduate,No,14866,0,70,360,1,Urban,Y
LP001519,Female,Lillian,No,0,Graduate,No,10000,1666,225,360,1,Rural,N
LP001577,Female,Nora,Yes,0,Graduate,No,4583,0,112,360,1,Rural,N
LP001639,Female,Zoey,Yes,0,Graduate,No,3625,0,108,360,1,Semiurban,Y
LP001669,Female,Mila,No,0,Not Graduate,No,1907,2365,120,,1,Urban,Y
LP001671,Female,Aubrey,Yes,0,Graduate,No,3416,2816,113,360,,Semiurban,Y
LP001692,Female,Hannah,No,0,Not Graduate,No,4408,0,120,360,1,Semiurban,Y
LP001693,Female,Lily,No,0,Graduate,No,3244,0,80,360,1,Urban,Y
LP001708,Female,Addison,No,0,Graduate,No,10000,0,214,360,1,Semiurban,N
LP001734,Female,Eleanor,Yes,2,Graduate,No,4283,2383,127,360,,Semiurban,Y
LP001776,Female,Natalie,No,0,Graduate,No,8333,0,280,360,1,Semiurban,Y
LP001788,Female,Luna,No,0,Graduate,Yes,3463,0,122,360,,Urban,Y
LP001790,Female,Leah,No,1,Graduate,No,3812,0,112,360,1,Rural,Y
LP001836,Female,Hazel,No,2,Graduate,No,3427,0,138,360,1,Urban,N
LP001846,Female,Violet,No,3+,Graduate,No,3083,0,255,360,1,Rural,Y
LP001870,Female,Aurora,No,1,Graduate,No,3481,0,155,36,1,Semiurban,N
LP001871,Female,Savannah,No,0,Graduate,No,7200,0,120,360,1,Rural,Y
LP001883,Female,Audrey,No,0,Graduate,,3418,0,135,360,1,Rural,N
LP001884,Female,Brooklyn,No,1,Graduate,No,2876,1560,90,360,1,Urban,Y
LP001888,Female,Bella,No,0,Graduate,No,3237,0,30,360,1,Urban,Y
LP001908,Female,Claire,Yes,0,Not Graduate,No,4100,0,124,360,,Rural,Y
LP001917,Female,Skylar,No,0,Graduate,No,1811,1666,54,360,1,Urban,Y
LP001925,Female,Lucy,No,0,Graduate,Yes,2600,1717,99,300,1,Semiurban,N
LP001931,Female,Paisley,No,0,Graduate,No,4124,0,115,360,1,Semiurban,Y
LP001945,Female,Everly,No,,Graduate,No,5417,0,143,480,0,Urban,N
LP001954,Female,Anna,Yes,1,Graduate,No,4666,0,135,360,1,Urban,Y
LP001955,Female,Caroline,No,0,Graduate,No,5000,2541,151,480,1,rural,N
LP001974,Female,Genesis,No,0,Graduate,No,5000,0,132,360,1,rural,Y
LP001993,Female,Aaliyah,No,0,Graduate,No,3762,1666,135,360,1,rural,Y
LP001994,Female,Kennedy,No,0,Graduate,No,2400,1863,104,360,0,Urban,N
LP002002,Female,Kinsley,No,0,Graduate,No,2917,0,84,360,1,Semiurban,Y
LP002006,Female,Allison,No,0,Graduate,No,2507,0,56,360,1,rural,Y
LP002043,Female,Maya,No,1,Graduate,No,3541,0,112,360,,Semiurban,Y
LP002055,Female,Sarah,No,0,Graduate,No,3166,2985,132,360,,rural,Y
LP002086,Female,Ariana,Yes,0,Graduate,No,4333,2451,110,360,1,Urban,N
LP002087,Female,Eliana,No,0,Graduate,No,2500,0,67,360,1,Urban,Y
LP002113,Female,Alice,No,3+,Not Graduate,No,1830,0,,360,0,Urban,N
LP002114,Female,Madelyn,No,0,Graduate,No,4160,0,71,360,1,Semiurban,Y
LP002116,Female,Cora,No,0,Graduate,No,2378,0,46,360,1,rural,N
LP002142,Female,Ruby,Yes,0,Graduate,Yes,5500,0,105,360,0,rural,N
LP002143,Female,Eva,Yes,0,Graduate,No,2423,505,130,360,1,Semiurban,Y
LP002144,Female,Serenity,No,,Graduate,No,3813,0,116,180,1,Urban,Y
LP002161,Female,Autumn,No,1,Graduate,No,4723,0,81,360,1,Semiurban,N
LP002194,Female,Adeline,No,0,Graduate,Yes,15759,0,55,360,1,Semiurban,Y
LP002209,Female,Hailey,No,0,Graduate,,2764,1459,110,360,1,Urban,Y
LP002231,Female,Gianna,No,0,Graduate,No,6000,0,156,360,1,Urban,Y
LP002277,Female,Valentina,No,0,Graduate,No,3180,0,71,360,0,Urban,N
LP002287,Female,Isla,No,0,Graduate,No,1500,1800,103,360,0,Semiurban,N
LP002300,Female,Quinn,No,0,Not Graduate,No,1963,0,53,360,1,Semiurban,Y
LP002301,Female,Nevaeh,No,0,Graduate,Yes,7441,0,194,360,1,rural,N
LP002305,Female,Ivy,No,0,Graduate,No,4547,0,115,360,1,Semiurban,Y
LP002314,Female,Sadie,No,0,Not Graduate,No,2213,0,66,360,1,rural,Y
LP002318,Female,Piper,No,1,Not Graduate,Yes,3867,0,62,360,1,Semiurban,N
LP002335,Female,Lydia,Yes,0,Not Graduate,No,2149,3237,178,360,0,Semiurban,N
LP002337,Female,Alexa,No,0,Graduate,No,2995,0,60,360,1,Urban,Y
LP002341,Female,Josephine,No,1,Graduate,No,2600,0,160,360,1,Urban,N
LP002357,Female,Emery,No,0,Not Graduate,No,2720,0,80,,0,Urban,N
LP002367,Female,Julia,No,1,Not Graduate,No,4606,0,81,360,1,rural,N
LP002377,Female,Delilah,No,1,Graduate,Yes,8624,0,150,360,1,Semiurban,Y
LP002393,Female,Arianna,,,Graduate,No,10047,0,,240,1,Semiurban,Y
LP002407,Female,Vivian,Yes,0,Not Graduate,Yes,7142,0,138,360,1,rural,Y
LP002489,Female,Kaylee,No,1,Not Graduate,,5191,0,132,360,1,Semiurban,Y
LP002502,Female,Sophie,Yes,2,Not Graduate,,210,2917,98,360,1,Semiurban,Y
LP002522,Female,Brielle,No,0,Graduate,Yes,2500,0,93,360,,Urban,Y
LP002534,Female,Madeline,No,0,Not Graduate,No,4350,0,154,360,1,rural,Y
LP002582,Female,Peyton,No,0,Not Graduate,Yes,17263,0,225,360,1,Semiurban,Y
LP002586,Female,Rylee,Yes,1,Graduate,No,3326,913,105,84,1,Semiurban,Y
LP002603,Female,Clara,No,0,Graduate,No,645,3683,113,480,1,Rural,Y
LP002606,Female,Hadley,No,0,Graduate,No,3159,0,100,360,1,Semiurban,Y
LP002634,Female,Melody,No,1,Graduate,No,13262,0,40,360,1,Urban,Y
LP002670,Female,Mackenzie,Yes,2,Graduate,No,2031,1632,113,480,1,Semiurban,Y
LP002684,Female,Reagan,No,0,Not Graduate,No,3400,0,95,360,1,Rural,N
LP002731,Female,Adalynn,No,0,Not Graduate,Yes,18165,0,125,360,1,Urban,Y
LP002741,Female,Liliana,Yes,1,Graduate,No,4608,2845,140,180,1,Semiurban,Y
LP002743,Female,Faith,No,0,Graduate,No,2138,0,99,360,0,Semiurban,N
LP002753,Female,Ayla,No,1,Graduate,,3652,0,95,360,1,Semiurban,Y
LP002757,Female,Jade,Yes,0,Not Graduate,No,3017,663,102,360,,Semiurban,Y
LP002776,Female,Katherine,No,0,Graduate,No,5000,0,103,360,0,Semiurban,N
LP002794,Female,Isabelle,No,0,Graduate,No,2667,1625,84,360,,Urban,Y
LP002804,Female,Natalia,Yes,0,Graduate,No,4180,2306,182,360,1,Semiurban,Y
LP002813,Female,Maria,Yes,1,Graduate,Yes,19484,0,600,360,1,Semiurban,Y
LP002840,Female,Raelynn,No,0,Graduate,No,2378,0,9,360,1,Urban,N
LP002894,Female,Athena,Yes,0,Graduate,No,3166,0,36,360,1,Semiurban,Y
LP002917,Female,Ximena,No,0,Not Graduate,No,2165,0,70,360,1,Semiurban,Y
LP002949,Female,Ainsley,No,3+,Graduate,,416,41667,350,180,,Urban,N
LP002959,Female,Lauren,Yes,1,Graduate,No,12000,0,496,360,1,Semiurban,Y
LP002978,Female,Brianna,No,0,Graduate,No,2900,0,71,360,1,Rural,Y
LP002990,Female,Genevieve,No,0,Graduate,Yes,4583,0,133,360,0,Semiurban,N
LP001002,Male,Liam,No,0,Graduate,No,5849,0,,360,1,Urban,Y
LP001003,Male,Noah,Yes,1,Graduate,No,4583,1508,128,360,1,Rural,N
LP001005,Male,William,Yes,0,Graduate,Yes,3000,0,66,360,1,Urban,Y
LP001006,Male,James,Yes,0,Not Graduate,No,2583,2358,120,360,1,Urban,Y
LP001008,Male,Oliver,No,0,Graduate,No,6000,0,141,360,1,Urban,Y
LP001011,Male,Benjamin,Yes,2,Graduate,Yes,5417,4196,267,360,1,Urban,Y
LP001013,Male,Elijah,Yes,0,Not Graduate,No,2333,1516,95,360,1,Urban,Y
LP001014,Male,Lucas,Yes,3+,Graduate,No,3036,2504,158,360,0,Semiurban,N
LP001018,Male,Henry,Yes,2,Graduate,No,4006,1526,168,360,1,Urban,Y
LP001020,Male,Alexander,Yes,1,Graduate,No,12841,10968,349,360,1,Semiurban,N
LP001024,Male,Mason,Yes,2,Graduate,No,3200,700,70,360,1,Urban,Y
LP001027,Male,Michael,Yes,2,Graduate,,2500,1840,109,360,1,Urban,Y
LP001028,Male,Ethan,Yes,2,Graduate,No,3073,8106,200,360,1,Urban,Y
LP001029,Male,Daniel,No,0,Graduate,No,1853,2840,114,360,1,Rural,N
LP001030,Male,Jacob,Yes,2,Graduate,No,1299,1086,17,120,1,Urban,Y
LP001032,Male,Logan,No,0,Graduate,No,4950,0,125,360,1,Urban,Y
LP001034,Male,Jackson,No,1,Not Graduate,No,3596,0,100,240,,Urban,Y
LP001038,Male,Levi,Yes,0,Not Graduate,No,4887,0,133,360,1,Rural,N
LP001041,Male,Sebastian,Yes,0,Graduate,,2600,3500,115,,1,Urban,Y
LP001043,Male,Mateo,Yes,0,Not Graduate,No,7660,0,104,360,0,Urban,N
LP001046,Male,Jack,Yes,1,Graduate,No,5955,5625,315,360,1,Urban,Y
LP001047,Male,Owen,Yes,0,Not Graduate,No,2600,1911,116,360,0,Semiurban,N
LP001052,Male,Theodore,Yes,1,Graduate,,3717,2925,151,360,,Semiurban,N
LP001066,Male,Aiden,Yes,0,Graduate,Yes,9560,0,191,360,1,Semiurban,Y
LP001068,Male,Samuel,Yes,0,Graduate,No,2799,2253,122,360,1,Semiurban,Y
LP001073,Male,Joseph,Yes,2,Not Graduate,No,4226,1040,110,360,1,Urban,Y
LP001086,Male,John,No,0,Not Graduate,No,1442,0,35,360,1,Urban,N
LP001091,Male,David,Yes,1,Graduate,,4166,3369,201,360,,Urban,N
LP001095,Male,Wyatt,No,0,Graduate,No,3167,0,74,360,1,Urban,N
LP001097,Male,Matthew,No,1,Graduate,Yes,4692,0,106,360,1,Rural,N
LP001098,Male,Luke,Yes,0,Graduate,No,3500,1667,114,360,1,Semiurban,Y
LP001100,Male,Carter,No,3+,Graduate,No,12500,3000,320,360,1,Rural,N
LP001106,Male,Julian,Yes,0,Graduate,No,2275,2067,,360,1,Urban,Y
LP001109,Male,Grayson,Yes,0,Graduate,No,1828,1330,100,,0,Urban,N
LP001114,Male,Gabriel,No,0,Graduate,No,4166,7210,184,360,1,Urban,Y
LP001116,Male,Isaac,No,0,Not Graduate,No,3748,1668,110,360,1,Semiurban,Y
LP001119,Male,Jayden,No,0,Graduate,No,3600,0,80,360,1,Urban,N
LP001120,Male,Lincoln,No,0,Graduate,No,1800,1213,47,360,1,Urban,Y
LP001123,Male,Joshua,Yes,0,Graduate,No,2400,0,75,360,,Urban,Y
LP001131,Male,Andrew,Yes,0,Graduate,No,3941,2336,134,360,1,Semiurban,Y
LP001136,Male,Anthony,Yes,0,Not Graduate,Yes,4695,0,96,,1,Urban,Y
LP001138,Male,Christopher,Yes,1,Graduate,No,5649,0,44,360,1,Urban,Y
LP001144,Male,Elias,Yes,0,Graduate,No,5821,0,144,360,1,Urban,Y
LP001179,Male,Nathan,Yes,2,Graduate,No,4616,0,134,360,1,Urban,N
LP001194,Male,Connor,Yes,2,Graduate,No,2708,1167,97,360,1,Semiurban,Y
LP001195,Male,Christian,Yes,0,Graduate,No,2132,1591,96,360,1,Semiurban,Y
LP001197,Male,Cameron,Yes,0,Graduate,No,3366,2200,135,360,1,Rural,N
LP001198,Male,Isaac,Yes,1,Graduate,No,8080,2250,180,360,1,Urban,Y
LP001199,Male,Ezra,Yes,2,Not Graduate,No,3357,2859,144,360,1,Urban,Y
LP001205,Male,Colton,Yes,0,Graduate,No,2500,3796,120,360,1,Urban,Y
LP001206,Male,Jeremiah,Yes,3+,Graduate,No,3029,0,99,360,1,Urban,Y
LP001207,Male,Thomas,Yes,0,Not Graduate,Yes,2609,3449,165,180,0,Rural,N
LP001213,Male,Maverick,Yes,1,Graduate,No,4945,0,,360,0,Rural,N
LP001225,Male,Robert,Yes,0,Graduate,No,5726,4595,258,360,1,Semiurban,N
LP001228,Male,Hudson,No,0,Not Graduate,No,3200,2254,126,180,0,Urban,N
LP001233,Male,Easton,Yes,1,Graduate,No,10750,0,312,360,1,Urban,Y
LP001238,Male,Jordan,Yes,3+,Not Graduate,Yes,7100,0,125,60,1,Urban,Y
LP001243,Male,Nicholas,Yes,0,Graduate,No,3208,3066,172,360,1,Urban,Y
LP001245,Male,Nolan,Yes,2,Not Graduate,Yes,1875,1875,97,360,1,Semiurban,Y
LP001248,Male,Axel,No,0,Graduate,No,3500,0,81,300,1,Semiurban,Y
LP001250,Male,Josiah,Yes,3+,Not Graduate,No,4755,0,95,,0,Semiurban,N
LP001253,Male,Jaxon,Yes,3+,Graduate,Yes,5266,1774,187,360,1,Semiurban,Y
LP001255,Male,Dominic,No,0,Graduate,No,3750,0,113,480,1,Urban,N
LP001256,Male,Leonardo,No,0,Graduate,No,3750,4750,176,360,1,Urban,N
LP001259,Male,Ezra,Yes,1,Graduate,Yes,1000,3022,110,360,1,Urban,N
LP001263,Male,Isaiah,Yes,3+,Graduate,No,3167,4000,180,300,0,Semiurban,N
LP001264,Male,Charles,Yes,3+,Not Graduate,Yes,3333,2166,130,360,,Semiurban,Y
LP001266,Male,Lincoln,Yes,1,Graduate,Yes,2395,0,,360,1,Semiurban,Y
LP001273,Male,Adam,Yes,0,Graduate,No,6000,2250,265,360,,Semiurban,N
LP001275,Male,Elias,Yes,1,Graduate,No,3988,0,50,240,1,Urban,Y
LP001279,Male,Carson,No,0,Graduate,No,2366,2531,136,360,1,Semiurban,Y
LP001280,Male,Hunter,Yes,2,Not Graduate,No,3333,2000,99,360,,Semiurban,Y
LP001282,Male,Samuel,Yes,0,Graduate,No,2500,2118,104,360,1,Semiurban,Y
LP001289,Male,Henry,No,0,Graduate,No,8566,0,210,360,1,Urban,Y
LP001310,Male,Eli,Yes,0,Graduate,No,5695,4167,175,360,1,Semiurban,Y
LP001316,Male,Sebastian,Yes,0,Graduate,No,2958,2900,131,360,1,Semiurban,Y
LP001318,Male,James,Yes,2,Graduate,No,6250,5654,188,180,1,Semiurban,Y
LP001319,Male,Michael,Yes,2,Not Graduate,No,3273,1820,81,360,1,Urban,Y
LP001322,Male,Benjamin,No,0,Graduate,No,4133,0,122,360,1,Semiurban,Y
LP001325,Male,Jonah,No,0,Not Graduate,No,3620,0,25,120,1,Semiurban,Y
LP001326,Male,Isaac,No,0,Graduate,,6782,0,,360,,Urban,N
LP001333,Male,Chase,Yes,0,Graduate,No,1977,997,50,360,1,Semiurban,Y
LP001334,male,Isaiah,Yes,0,Not Graduate,No,4188,0,115,180,1,Semiurban,Y
LP001343,male,Cooper,Yes,0,Graduate,No,1759,3541,131,360,1,Semiurban,Y
LP001345,male,Daniel,Yes,2,Not Graduate,No,4288,3263,133,180,1,Urban,Y
LP001349,male,Thomas,No,0,Graduate,No,4843,3806,151,360,1,Semiurban,Y
LP001350,male,Josiah,Yes,,Graduate,No,13650,0,,360,1,Urban,Y
LP001356,male,Julian,Yes,0,Graduate,No,4652,3583,,360,1,Semiurban,Y
LP001322,male,Colton,No,0,Graduate,No,4133,0,122,360,1,Semiurban,Y
LP001325,male,Levi,No,0,Not Graduate,No,3620,0,25,120,1,Semiurban,Y
LP001326,male,Felix,No,0,Graduate,,6782,0,,360,,Urban,N
LP001333,male,Mateo,Yes,0,Graduate,No,1977,997,50,360,1,Semiurban,Y
LP001334,male,Jack,Yes,0,Not Graduate,No,4188,0,115,180,1,Semiurban,Y
LP001343,male,Asher,Yes,0,Graduate,No,1759,3541,131,360,1,Semiurban,Y
LP001345,male,Theodore,Yes,2,Not Graduate,No,4288,3263,133,180,1,Urban,Y
LP001349,male,Elias,No,0,Graduate,No,4843,3806,151,360,1,Semiurban,Y
LP001350,male,Everett,Yes,,Graduate,No,13650,0,,360,1,Urban,Y
LP001356,male,Owen,Yes,0,Graduate,No,4652,3583,,360,1,Semiurban,Y
LP001357,male,Max,,,Graduate,No,3816,754,160,360,1,Urban,Y
LP001367,male,Julian,Yes,1,Graduate,No,3052,1030,100,360,1,Urban,Y
LP001369,male,Miles,Yes,2,Graduate,No,11417,1126,225,360,1,Urban,Y
LP001370,male,Wesley,No,0,Not Graduate,,7333,0,120,360,1,Rural,N
LP001379,male,Roman,Yes,2,Graduate,No,3800,3600,216,360,0,Urban,N
LP001384,male,Ezra,Yes,3+,Not Graduate,No,2071,754,94,480,1,Semiurban,Y
LP001385,male,Axel,No,0,Graduate,No,5316,0,136,360,1,Urban,Y
LP001391,male,Silas,Yes,0,Not Graduate,No,3572,4114,152,,0,Rural,N
LP001398,male,Emmett,No,0,Graduate,,5050,0,118,360,1,Semiurban,Y
LP001401,male,George,Yes,1,Graduate,No,14583,0,185,180,1,Rural,Y
LP001405,male,Bennett,Yes,1,Graduate,No,2214,1398,85,360,,Urban,Y
LP001421,male,Kingston,Yes,0,Graduate,No,5568,2142,175,360,1,Rural,N
LP001426,male,Maddox,Yes,,Graduate,No,5667,2667,180,360,1,Rural,Y
LP001432,male,Arthur,Yes,2,Graduate,No,2957,0,81,360,1,Semiurban,Y
LP001439,male,Lincoln,Yes,0,Not Graduate,No,4300,2014,194,360,1,Rural,Y
LP001449,male,Luke,No,0,Graduate,No,3865,1640,,360,1,Rural,Y
LP001451,male,Ryan,Yes,1,Graduate,Yes,10513,3850,160,180,0,Urban,N
LP001465,male,Sawyer,Yes,0,Graduate,No,6080,2569,182,360,,Rural,N
LP001469,male,Hudson,No,0,Graduate,Yes,20166,0,650,480,,Urban,Y
LP001473,male,Christian,No,0,Graduate,No,2014,1929,74,360,1,Urban,Y
LP001478,male,Ezekiel,No,0,Graduate,No,2718,0,70,360,1,Semiurban,Y
LP001482,male,Nolan,Yes,0,Graduate,Yes,3459,0,25,120,1,Semiurban,Y
LP001487,male,Nicholas,No,0,Graduate,No,4895,0,102,360,1,Semiurban,Y
LP001488,male,Jameson,Yes,3+,Graduate,No,4000,7750,290,360,1,Semiurban,N
LP001491,male,Everett,Yes,2,Graduate,Yes,3316,3500,88,360,1,Urban,Y
LP001492,male,Eli,No,0,Graduate,No,14999,0,242,360,0,Semiurban,N
LP001493,male,Jayden,Yes,2,Not Graduate,No,4200,1430,129,360,1,Rural,N
LP001497,male,Bryce,Yes,2,Graduate,No,5042,2083,185,360,1,Rural,N
LP001498,male,Camden,No,0,Graduate,No,5417,0,168,360,1,Urban,Y
LP001504,male,Tristan,No,0,Graduate,Yes,6950,0,175,180,1,Semiurban,Y
LP001507,male,Brayden,Yes,0,Graduate,No,2698,2034,122,360,1,Semiurban,Y
LP001508,male,Jordan,Yes,2,Graduate,No,11757,0,187,180,1,Urban,Y
LP001518,male,Austin,Yes,1,Graduate,No,1538,1425,30,360,1,Urban,Y
LP001520,male,Xavier,Yes,0,Graduate,No,4860,830,125,360,1,Semiurban,Y
LP001528,male,Zachary,No,0,Graduate,No,6277,0,118,360,0,Rural,N
LP001529,male,Chase,Yes,0,Graduate,Yes,2577,3750,152,360,1,Rural,Y
LP001531,male,Jason,No,0,Graduate,No,9166,0,244,360,1,Urban,N
LP001532,male,Kai,Yes,2,Not Graduate,No,2281,0,113,360,1,Rural,N
LP001535,male,Jasper,No,0,Graduate,No,3254,0,50,360,1,Urban,Y
LP001536,male,Bodhi,Yes,3+,Graduate,No,39999,0,600,180,0,Semiurban,Y
LP001541,male,Sawyer,Yes,1,Graduate,No,6000,0,160,360,,Rural,Y
LP001543,male,Leo,Yes,1,Graduate,No,9538,0,187,360,1,Urban,Y
LP001546,male,Caleb,No,0,Graduate,,2980,2083,120,360,1,Rural,Y
LP001552,male,Levi,Yes,0,Graduate,No,4583,5625,255,360,1,Semiurban,Y
LP001560,male,Nathan,Yes,0,Not Graduate,No,1863,1041,98,360,1,Semiurban,Y
LP001562,male,Zane,Yes,0,Graduate,No,7933,0,275,360,1,Urban,N
LP001565,male,Mark,Yes,1,Graduate,No,3089,1280,121,360,0,Semiurban,N
LP001570,male,Isaiah,Yes,2,Graduate,No,4167,1447,158,360,1,Rural,Y
LP001572,male,Peter,Yes,0,Graduate,No,9323,0,75,180,1,Urban,Y
LP001574,male,Brian,Yes,0,Graduate,No,3707,3166,182,,1,Rural,Y
LP001578,male,Blake,Yes,0,Graduate,No,2439,3333,129,360,1,Rural,Y
LP001579,male,Gavin,No,0,Graduate,No,2237,0,63,480,0,Semiurban,N
LP001580,male,Dominic,Yes,2,Graduate,No,8000,0,200,360,1,Semiurban,Y
LP001581,male,Harrison,Yes,0,Not Graduate,,1820,1769,95,360,1,Rural,Y
LP001586,male,Weston,Yes,3+,Not Graduate,No,3522,0,81,180,1,Rural,N
LP001594,male,Cole,Yes,0,Graduate,No,5708,5625,187,360,1,Semiurban,Y
LP001603,male,Ivan,Yes,0,Not Graduate,Yes,4344,736,87,360,1,Semiurban,N
LP001606,male,Emmett,Yes,0,Graduate,No,3497,1964,116,360,1,Rural,Y
LP001608,male,Carter,Yes,2,Graduate,No,2045,1619,101,360,1,Rural,Y
LP001610,male,Jace,Yes,3+,Graduate,No,5516,11300,495,360,0,Semiurban,N
LP001616,male,Elliot,Yes,1,Graduate,No,3750,0,116,360,1,Semiurban,Y
LP001630,male,Arthur,No,0,Not Graduate,No,2333,1451,102,480,0,Urban,N
LP001633,male,Finn,Yes,1,Graduate,No,6400,7250,180,360,0,Urban,N
LP001634,male,Theodore,No,0,Graduate,No,1916,5063,67,360,,Rural,N
LP001636,male,Matteo,Yes,0,Graduate,No,4600,0,73,180,1,Semiurban,Y
LP001637,male,Lorenzo,Yes,1,Graduate,No,33846,0,260,360,1,Semiurban,N
LP001640,male,Elias,Yes,0,Graduate,Yes,39147,4750,120,360,1,Semiurban,Y
LP001641,male,Max,Yes,1,Graduate,Yes,2178,0,66,300,0,Rural,N
LP001643,male,Sawyer,Yes,0,Graduate,No,2383,2138,58,360,,Rural,Y
LP001647,Male,Beau,Yes,0,Graduate,No,9328,0,188,180,1,Rural,Y
LP001653,Male,Calvin,No,0,Not Graduate,No,4885,0,48,360,1,Rural,Y
LP001656,Male,Jorge,No,0,Graduate,No,12000,0,164,360,1,Semiurban,N
LP001657,Male,Richard,Yes,0,Not Graduate,No,6033,0,160,360,1,Urban,N
LP001658,Male,Griffin,No,0,Graduate,No,3858,0,76,360,1,Semiurban,Y
LP001664,Male,John,No,0,Graduate,No,4191,0,120,360,1,Rural,Y
LP001665,Male,Abel,Yes,1,Graduate,No,3125,2583,170,360,1,Semiurban,N
LP001666,Male,August,No,0,Graduate,No,8333,3750,187,360,1,Rural,Y
LP001673,Male,Oscar,No,0,Graduate,Yes,11000,0,83,360,1,Urban,N
LP001674,Male,Tyler,Yes,1,Not Graduate,No,2600,2500,90,360,1,Semiurban,Y
LP001677,Male,Wesley,No,2,Graduate,No,4923,0,166,360,0,Semiurban,Y
LP001682,Male,Timothy,Yes,3+,Not Graduate,No,3992,0,,180,1,Urban,N
LP001688,Male,Travis,Yes,1,Not Graduate,No,3500,1083,135,360,1,Urban,Y
LP001691,Male,Finnegan,Yes,2,Not Graduate,No,3917,0,124,360,1,Semiurban,Y
LP001698,Male,Caden,No,0,Not Graduate,No,3975,2531,55,360,1,Rural,Y
LP001699,Male,Edward,No,0,Graduate,No,2479,0,59,360,1,Urban,Y
LP001702,Male,Patrick,No,0,Graduate,No,3418,0,127,360,1,Semiurban,N
LP001711,Male,Simon,Yes,3+,Graduate,No,3430,1250,128,360,0,Semiurban,N
LP001713,Male,Simon,Yes,1,Graduate,Yes,7787,0,240,360,1,Urban,Y
LP001715,Male,Victor,Yes,3+,Not Graduate,Yes,5703,0,130,360,1,Rural,Y
LP001716,Male,Elliot,Yes,0,Graduate,No,3173,3021,137,360,1,Urban,Y
LP001720,Male,Dean,Yes,3+,Not Graduate,No,3850,983,100,360,1,Semiurban,Y
LP001722,Male,Jeremy,Yes,0,Graduate,No,150,1800,135,360,1,Rural,N
LP001726,Male,Nicolas,Yes,0,Graduate,No,3727,1775,131,360,1,Semiurban,Y
LP001732,Male,Conor,Yes,2,Graduate,,5000,0,72,360,0,Semiurban,N
LP001736,Male,August,Yes,0,Graduate,No,2221,0,60,360,0,Urban,N
LP001743,Male,Oscar,Yes,2,Graduate,No,4009,1717,116,360,1,Semiurban,Y
LP001744,Male,Colt,No,0,Graduate,No,2971,2791,144,360,1,Semiurban,Y
LP001749,Male,Elias,Yes,0,Graduate,No,7578,1010,175,,1,Semiurban,Y
LP001750,Male,Lewis,Yes,0,Graduate,No,6250,0,128,360,1,Semiurban,Y
LP001751,Male,Silas,Yes,0,Graduate,No,3250,0,170,360,1,Rural,N
LP001754,Male,Felix,Yes,,Not Graduate,Yes,4735,0,138,360,1,Urban,N
LP001758,Male,Tucker,Yes,2,Graduate,No,6250,1695,210,360,1,Semiurban,Y
LP001760,Male,Micah,,,Graduate,No,4758,0,158,480,1,Semiurban,Y
LP001761,Male,Sawyer,No,0,Graduate,Yes,6400,0,200,360,1,Rural,Y
LP001765,Male,Rhett,Yes,1,Graduate,No,2491,2054,104,360,1,Semiurban,Y
LP001768,Male,Reid,Yes,0,Graduate,,3716,0,42,180,1,Rural,Y
LP001770,Male,Abel,No,0,Not Graduate,No,3189,2598,120,,1,Rural,Y
LP001778,Male,Kenneth,Yes,1,Graduate,No,3155,1779,140,360,1,Semiurban,Y
LP001784,Male,Kingston,Yes,1,Graduate,No,5500,1260,170,360,1,Rural,Y
LP001786,Male,Beckett,Yes,0,Graduate,,5746,0,255,360,,Urban,N
LP001792,Male,Amir,Yes,1,Graduate,No,3315,0,96,360,1,Semiurban,Y
LP001798,Male,Bradley,Yes,2,Graduate,No,5819,5000,120,360,1,Rural,Y
LP001800,Male,Marco,Yes,1,Not Graduate,No,2510,1983,140,180,1,Urban,N
LP001806,Male,Joaquin,No,0,Graduate,No,2965,5701,155,60,1,Urban,Y
LP001807,Male,Orion,Yes,2,Graduate,Yes,6250,1300,108,360,1,Rural,Y
LP001811,Male,Tanner,Yes,0,Not Graduate,No,3406,4417,123,360,1,Semiurban,Y
LP001813,Male,Elliott,No,0,Graduate,Yes,6050,4333,120,180,1,Urban,N
LP001814,Male,Shane,Yes,2,Graduate,No,9703,0,112,360,1,Urban,Y
LP001819,Male,Arthur,Yes,1,Not Graduate,No,6608,0,137,180,1,Urban,Y
LP001824,Male,Finnegan,Yes,1,Graduate,No,2882,1843,123,480,1,Semiurban,Y
LP001825,Male,Brooks,Yes,0,Graduate,No,1809,1868,90,360,1,Urban,Y
LP001835,Male,Curtis,Yes,0,Not Graduate,No,1668,3890,201,360,0,Semiurban,N
LP001841,Male,Lawrence,No,0,Not Graduate,Yes,2583,2167,104,360,1,Rural,Y
LP001843,Male,Malik,Yes,1,Not Graduate,No,2661,7101,279,180,1,Semiurban,Y
LP001844,Male,Alec,No,0,Graduate,Yes,16250,0,192,360,0,Urban,N
LP001849,Male,Danny,No,0,Not Graduate,No,6045,0,115,360,0,Rural,N
LP001854,Male,Riley,Yes,3+,Graduate,No,5250,0,94,360,1,Urban,N
LP001859,Male,Jayce,Yes,0,Graduate,No,14683,2100,304,360,1,Rural,N
LP001864,Male,Daxton,Yes,3+,Not Graduate,No,4931,0,128,360,,Semiurban,N
LP001865,Male,Killian,Yes,1,Graduate,No,6083,4250,330,360,,Urban,Y
LP001868,Male,Edgar,No,0,Graduate,No,2060,2209,134,360,1,Semiurban,Y
LP001872,Male,Leon,No,0,Graduate,Yes,5166,0,128,360,1,Semiurban,Y
LP001875,Male,Iker,No,0,Graduate,No,4095,3447,151,360,1,Rural,Y
LP001877,Male,River,Yes,2,Graduate,No,4708,1387,150,360,1,Semiurban,Y
LP001882,Male,Dallas,Yes,3+,Graduate,No,4333,1811,160,360,0,Urban,Y
LP001891,Male,Warren,Yes,0,Graduate,No,11146,0,136,360,1,Urban,Y
LP001892,Male,Ivan,No,0,Graduate,No,2833,1857,126,360,1,Rural,Y
LP001894,Male,Kyle,Yes,0,Graduate,No,2620,2223,150,360,1,Semiurban,Y
LP001896,Male,Cash,Yes,2,Graduate,No,3900,0,90,360,1,Semiurban,Y
LP001900,Male,Quinton,Yes,1,Graduate,No,2750,1842,115,360,1,Semiurban,Y
LP001903,Male,Arlo,Yes,0,Graduate,No,3993,3274,207,360,1,Semiurban,Y
LP001904,Male,Odin,Yes,0,Graduate,No,3103,1300,80,360,1,Urban,Y
LP001907,Male,Finnley,Yes,0,Graduate,No,14583,0,436,360,1,Semiurban,Y
LP001910,Male,Garrett,No,1,Not Graduate,Yes,4053,2426,158,360,0,Urban,N
LP001914,Male,Dorian,Yes,0,Graduate,No,3927,800,112,360,1,Semiurban,Y
LP001915,Male,Terry,Yes,2,Graduate,No,2301,985.7999878,78,180,1,Urban,Y
LP001922,Male,Dax,Yes,0,Graduate,No,20667,0,,360,1,Rural,N
LP001924,Male,Dalton,No,0,Graduate,No,3158,3053,89,360,1,Rural,Y
LP001926,Male,Clark,Yes,0,Graduate,No,3704,2000,120,360,1,rural,Y
LP001935,Male,Gunner,No,0,Graduate,No,9508,0,187,360,1,rural,Y
LP001936,Male,Oscar,Yes,0,Graduate,No,3075,2416,139,360,1,rural,Y
LP001938,Male,Jayson,Yes,2,Graduate,No,4400,0,127,360,0,Semiurban,N
LP001940,Male,Wade,Yes,2,Graduate,No,3153,1560,134,360,1,Urban,Y
LP001947,Male,Jasper,Yes,0,Graduate,No,2383,3334,172,360,1,Semiurban,Y
LP001949,Male,Keith,Yes,3+,Graduate,,4416,1250,110,360,1,Urban,Y
LP001953,Male,Muhammad,Yes,1,Graduate,No,6875,0,200,360,1,Semiurban,Y
LP001963,Male,Brett,Yes,1,Graduate,No,2014,2925,113,360,1,Urban,N
LP001964,Male,Emerson,Yes,0,Not Graduate,No,1800,2934,93,360,0,Urban,N
LP001972,Male,Oscar,Yes,,Not Graduate,No,2875,1750,105,360,1,Semiurban,Y
LP001977,Male,Cyrus,Yes,1,Graduate,No,1625,1803,96,360,1,Urban,Y
LP001978,Male,Tatum,No,0,Graduate,No,4000,2500,140,360,1,rural,Y
LP001990,Male,Alden,No,0,Not Graduate,No,2000,0,,360,1,Urban,N
LP001996,Male,Arturo,No,0,Graduate,No,20233,0,480,360,1,rural,N
LP001998,Male,Thatcher,Yes,2,Not Graduate,No,7667,0,185,360,,rural,Y
LP002004,Male,Bridger,No,0,Not Graduate,No,2927,2405,111,360,1,Semiurban,Y
LP002008,Male,Emilio,Yes,2,Graduate,Yes,5746,0,144,84,,rural,Y
LP002031,Male,Kingsley,Yes,1,Not Graduate,No,3399,1640,111,180,1,Urban,Y
LP002035,Male,Kyler,Yes,2,Graduate,No,3717,0,120,360,1,Semiurban,Y
LP002036,Male,Lance,Yes,0,Graduate,No,2058,2134,88,360,,Urban,Y
LP002050,Male,Misael,Yes,1,Graduate,Yes,10000,0,155,360,1,rural,N
LP002051,Male,Nixon,Yes,0,Graduate,No,2400,2167,115,360,1,Semiurban,Y
LP002053,Male,Raylan,Yes,3+,Graduate,No,4342,189,124,360,1,Semiurban,Y
LP002054,Male,Rex,Yes,2,Not Graduate,No,3601,1590,,360,1,rural,Y
LP002065,Male,Baker,Yes,3+,Graduate,No,15000,0,300,360,1,rural,Y
LP002067,Male,Bruce,Yes,1,Graduate,Yes,8666,4983,376,360,0,rural,N
LP002068,Male,Clarence,No,0,Graduate,No,4917,0,130,360,0,rural,Y
LP002082,Male,Enoch,Yes,0,Graduate,Yes,5818,2160,184,360,1,Semiurban,Y
LP002097,Male,Grady,No,1,Graduate,No,4384,1793,117,360,1,Urban,Y
LP002098,Male,Larry,No,0,Graduate,No,2935,0,98,360,1,Semiurban,Y
LP002100,Male,Steve,No,,Graduate,No,2833,0,71,360,1,Urban,Y
LP002101,Male,Leonel,Yes,0,Graduate,,63337,0,490,180,1,Urban,Y
LP002106,Male,Cassius,Yes,,Graduate,Yes,5503,4490,70,,1,Semiurban,Y
LP002110,Male,Gibson,Yes,1,Graduate,,5250,688,160,360,1,rural,Y
LP002112,Male,Huxley,Yes,2,Graduate,Yes,2500,4600,176,360,1,rural,Y
LP002115,Male,Hayes,Yes,3+,Not Graduate,No,2647,1587,173,360,1,rural,N
LP002119,Male,Desmond,Yes,1,Not Graduate,No,4554,1229,158,360,1,Urban,Y
LP002126,Male,Winston,Yes,3+,Not Graduate,No,3173,0,74,360,1,Semiurban,Y
LP002128,Male,Reid,Yes,2,Graduate,,2583,2330,125,360,1,rural,Y
LP002129,Male,Samson,Yes,0,Graduate,No,2499,2458,160,360,1,Semiurban,Y
LP002130,Male,Case,Yes,,Not Graduate,No,3523,3230,152,360,0,rural,N
LP002131,Male,Kai,Yes,2,Not Graduate,No,3083,2168,126,360,1,Urban,Y
LP002137,Male,Darius,Yes,0,Graduate,No,6333,4583,259,360,,Semiurban,Y
LP002138,Male,Quinton,Yes,0,Graduate,No,2625,6250,187,360,1,rural,Y
LP002139,Male,Milan,Yes,0,Graduate,No,9083,0,228,360,1,Semiurban,Y
LP002140,Male,Achilles,No,0,Graduate,No,8750,4167,308,360,1,rural,N
LP002141,Male,Bishop,Yes,3+,Graduate,No,2666,2083,95,360,1,rural,Y
LP002149,Male,Hamza,Yes,2,Graduate,No,8333,3167,165,360,1,rural,Y
LP002151,Male,Anders,Yes,1,Graduate,No,3875,0,67,360,1,Urban,N
LP002158,Male,Jay,Yes,0,Not Graduate,No,3000,1666,100,480,0,Urban,N
LP002160,Male,Zayden,Yes,3+,Graduate,No,5167,3167,200,360,1,Semiurban,Y
LP002170,Male,Clark,Yes,2,Graduate,No,5000,3667,236,360,1,Semiurban,Y
LP002175,Male,Yusuf,Yes,0,Graduate,No,4750,2333,130,360,1,Urban,Y
LP002178,Male,Atticus,Yes,0,Graduate,No,3013,3033,95,300,,Urban,Y
LP002180,Male,Kyrie,No,0,Graduate,Yes,6822,0,141,360,1,rural,Y
LP002181,Male,Otto,No,0,Not Graduate,No,6216,0,133,360,1,rural,N
LP002187,Male,Thaddeus,No,0,Graduate,No,2500,0,96,480,1,Semiurban,N
LP002188,Male,Crew,No,0,Graduate,No,5124,0,124,,0,rural,N
LP002190,Male,Kellan,Yes,1,Graduate,No,6325,0,175,360,1,Semiurban,Y
LP002191,Male,Lawrence,Yes,0,Graduate,No,19730,5266,570,360,1,rural,N
LP002197,Male,Langston,Yes,2,Graduate,No,5185,0,155,360,1,Semiurban,Y
LP002201,Male,Stetson,Yes,2,Graduate,Yes,9323,7873,380,300,1,rural,Y
LP002205,Male,Princeton,No,1,Graduate,No,3062,1987,111,180,0,Urban,N
LP002211,Male,Coleman,Yes,0,Graduate,No,4817,923,120,180,1,Urban,Y
LP002219,Male,Bronson,Yes,3+,Graduate,No,8750,4996,130,360,1,rural,Y
LP002223,Male,Ezequiel,Yes,0,Graduate,No,4310,0,130,360,,Semiurban,Y
LP002224,Male,Bruce,No,0,Graduate,No,3069,0,71,480,1,Urban,N
LP002225,Male,Wilder,Yes,2,Graduate,No,5391,0,130,360,1,Urban,Y
LP002226,Male,Corey,Yes,0,Graduate,,3333,2500,128,360,1,Semiurban,Y
LP002229,Male,Maurice,No,0,Graduate,No,5941,4232,296,360,1,Semiurban,Y
LP002234,Male,Roland,No,0,Graduate,Yes,7167,0,128,360,1,Urban,Y
LP002236,Male,Colby,Yes,2,Graduate,No,4566,0,100,360,1,Urban,N
LP002237,Male,Felipe,No,1,Graduate,,3667,0,113,180,1,Urban,Y
LP002239,Male,Ulises,No,0,Not Graduate,No,2346,1600,132,360,1,Semiurban,Y
LP002243,Male,Byron,Yes,0,Not Graduate,No,3010,3136,,360,0,Urban,N
LP002244,Male,Blaine,Yes,0,Graduate,No,2333,2417,136,360,1,Urban,Y
LP002250,Male,Trace,Yes,0,Graduate,No,5488,0,125,360,1,rural,Y
LP002255,Male,Leonidas,No,3+,Graduate,No,9167,0,185,360,1,rural,Y
LP002262,Male,Lucian,Yes,3+,Graduate,No,9504,0,275,360,1,rural,Y
LP002263,Male,Maison,Yes,0,Graduate,No,2583,2115,120,360,,Urban,Y
LP002265,Male,Samir,Yes,2,Not Graduate,No,1993,1625,113,180,1,Semiurban,Y
LP002266,Male,Aarav,Yes,2,Graduate,No,3100,1400,113,360,1,Urban,Y
LP002272,Male,Jamal,Yes,2,Graduate,No,3276,484,135,360,,Semiurban,Y
LP002281,Male,Dominick,Yes,0,Graduate,No,3033,1459,95,360,1,Urban,Y
LP002284,Male,Madden,No,0,Not Graduate,No,3902,1666,109,360,1,rural,Y
LP002288,Male,Koa,Yes,2,Not Graduate,No,2889,0,45,180,0,Urban,N
LP002296,Male,Darius,No,0,Not Graduate,No,2755,0,65,300,1,rural,N
LP002297,Male,Santino,No,0,Graduate,No,2500,20000,103,360,1,Semiurban,Y
LP002308,Male,Alonzo,Yes,0,Not Graduate,No,2167,2400,115,360,1,Urban,Y
LP002315,Male,Curtis,Yes,1,Graduate,No,8300,0,152,300,0,Semiurban,N
LP002317,Male,Keaton,Yes,3+,Graduate,No,81000,0,360,360,0,rural,N
LP002319,Male,Foster,Yes,0,Graduate,,6256,0,160,360,,Urban,Y
LP002328,Male,Sonny,Yes,0,Not Graduate,No,6096,0,218,360,0,rural,N
LP002332,Male,Wilson,Yes,0,Not Graduate,No,2253,2033,110,360,1,rural,Y
LP002342,Male,Valentin,Yes,2,Graduate,Yes,1600,20000,239,360,1,Urban,N
LP002345,Male,Kian,Yes,0,Graduate,No,1025,2773,112,360,1,rural,Y
LP002347,Male,Crosby,Yes,0,Graduate,No,3246,1417,138,360,1,Semiurban,Y
LP002348,Male,Ramon,Yes,0,Graduate,No,5829,0,138,360,1,rural,Y
LP002361,Male,Titan,Yes,0,Graduate,No,1820,1719,100,360,1,Urban,Y
LP002362,Male,Cedric,Yes,1,Graduate,No,7250,1667,110,,0,Urban,N
LP002364,Male,Gus,Yes,0,Graduate,No,14880,0,96,360,1,Semiurban,Y
LP002366,Male,Darwin,Yes,0,Graduate,No,2666,4300,121,360,1,rural,Y
LP002368,Male,Brixton,Yes,2,Graduate,No,5935,0,133,360,1,Semiurban,Y
LP002369,Male,Leroy,Yes,0,Graduate,No,2920,16.12000084,87,360,1,rural,Y
LP002370,Male,Kermit,No,0,Not Graduate,No,2717,0,60,180,1,Urban,Y
LP002379,Male,Kenny,No,0,Graduate,No,6500,0,105,360,0,rural,N
LP002386,Male,Maxton,No,0,Graduate,,12876,0,405,360,1,Semiurban,Y
LP002387,Male,Roger,Yes,0,Graduate,No,2425,2340,143,360,1,Semiurban,Y
LP002390,Male,Santino,No,0,Graduate,No,3750,0,100,360,1,Urban,Y
LP002398,Male,Billy,No,0,Graduate,No,1926,1851,50,360,1,Semiurban,Y
LP002401,Male,Rocky,Yes,0,Graduate,No,2213,1125,,360,1,Urban,Y
LP002403,Male,Ayaan,No,0,Graduate,Yes,10416,0,187,360,0,Urban,N
LP002408,Male,Elisha,No,0,Graduate,No,3660,5064,187,360,1,Semiurban,Y
LP002409,Male,Frankie,Yes,0,Graduate,No,7901,1833,180,360,1,rural,Y
LP002418,Male,Yahir,No,3+,Not Graduate,No,4707,1993,148,360,1,Semiurban,Y
LP002422,Male,Mustafa,No,1,Graduate,No,37719,0,152,360,1,Semiurban,Y
LP002424,Male,Hugh,Yes,0,Graduate,No,7333,8333,175,300,,rural,Y
LP002429,Male,Jakob,Yes,1,Graduate,Yes,3466,1210,130,360,1,rural,Y
LP002434,Male,Zahir,Yes,2,Not Graduate,No,4652,0,110,360,1,rural,Y
LP002435,Male,Cullen,Yes,0,Graduate,,3539,1376,55,360,1,rural,N
LP002443,Male,Byron,Yes,2,Graduate,No,3340,1710,150,360,0,rural,N
LP002444,Male,Terry,No,1,Not Graduate,Yes,2769,1542,190,360,,Semiurban,N
LP002446,Male,Gus,Yes,2,Not Graduate,No,2309,1255,125,360,0,rural,N
LP002447,Male,Luciano,Yes,2,Not Graduate,No,1958,1456,60,300,,Urban,Y
LP002448,Male,Kabir,Yes,0,Graduate,No,3948,1733,149,360,0,rural,N
LP002449,Male,Kieran,Yes,0,Graduate,No,2483,2466,90,180,0,rural,Y
LP002453,Male,Callahan,No,0,Graduate,Yes,7085,0,84,360,1,Semiurban,Y
LP002455,Male,Simeon,Yes,2,Graduate,No,3859,0,96,360,1,Semiurban,Y
LP002459,Male,Dariel,Yes,0,Graduate,No,4301,0,118,360,1,Urban,Y
LP002467,Male,Javion,Yes,0,Graduate,No,3708,2569,173,360,1,Urban,N
LP002472,Male,Rayden,No,2,Graduate,No,4354,0,136,360,1,rural,Y
LP002473,Male,Brighton,Yes,0,Graduate,No,8334,0,160,360,1,Semiurban,N
LP002484,Male,Marley,Yes,3+,Graduate,No,7740,0,128,180,1,Urban,Y
LP002487,Male,Melvin,Yes,0,Graduate,No,3015,2188,153,360,1,rural,Y
LP002493,Male,Yehuda,No,0,Graduate,No,4166,0,98,360,0,Semiurban,N
LP002494,Male,Rene,No,0,Graduate,No,6000,0,140,360,1,rural,Y
LP002500,Male,Frankie,Yes,3+,Not Graduate,No,2947,1664,70,180,0,Urban,N
LP002505,Male,Avi,Yes,0,Graduate,No,4333,2451,110,360,1,Urban,N
LP002515,Male,Bowie,Yes,1,Graduate,Yes,3450,2079,162,360,1,Semiurban,Y
LP002517,Male,Keagan,Yes,1,Not Graduate,No,2653,1500,113,180,0,rural,N
LP002519,Male,Leonel,Yes,3+,Graduate,No,4691,0,100,360,1,Semiurban,Y
LP002524,Male,Jon,No,2,Graduate,No,5532,4648,162,360,1,rural,Y
LP002527,Male,Tristen,Yes,2,Graduate,Yes,16525,1014,150,360,1,rural,Y
LP002529,Male,Briar,Yes,2,Graduate,No,6700,1750,230,300,1,Semiurban,Y
LP002531,Male,Jadiel,Yes,1,Graduate,Yes,16667,2250,86,360,1,Semiurban,Y
LP002533,Male,Eliseo,Yes,2,Graduate,No,2947,1603,,360,1,Urban,N
LP002536,Male,Mayson,Yes,3+,Not Graduate,No,3095,0,113,360,1,rural,Y
LP002537,Male,Leandro,Yes,0,Graduate,No,2083,3150,128,360,1,Semiurban,Y
LP002541,Male,Amos,Yes,0,Graduate,No,10833,0,234,360,1,Semiurban,Y
LP002543,Male,Bryant,Yes,2,Graduate,No,8333,0,246,360,1,Semiurban,Y
LP002544,Male,Craig,Yes,1,Not Graduate,No,1958,2436,131,360,1,rural,Y
LP002545,Male,Lionel,No,2,Graduate,No,3547,0,80,360,0,rural,N
LP002547,Male,Deangelo,Yes,1,Graduate,No,18333,0,500,360,1,Urban,N
LP002555,Male,Alvin,Yes,2,Graduate,Yes,4583,2083,160,360,1,Semiurban,Y
LP002556,Male,Zeke,No,0,Graduate,No,2435,0,75,360,1,Urban,N
LP002560,Male,Frankie,No,0,Not Graduate,No,2699,2785,96,360,,Semiurban,Y
LP002562,Male,Benton,Yes,1,Not Graduate,No,5333,1131,186,360,,Urban,Y
LP002571,Male,Royce,No,0,Not Graduate,No,3691,0,110,360,1,Rural,Y
LP002585,Male,Boone,Yes,0,Graduate,No,3597,2157,119,360,0,Rural,N
LP002587,Male,Ralph,Yes,0,Not Graduate,No,2600,1700,107,360,1,Rural,Y
LP002588,Male,Marlon,Yes,0,Graduate,No,4625,2857,111,12,,Urban,Y
LP002600,Male,Briggs,Yes,1,Graduate,Yes,2895,0,95,360,1,Semiurban,Y
LP002602,Male,Kamari,No,0,Graduate,No,6283,4416,209,360,0,Rural,N
LP002615,Male,Cason,Yes,2,Graduate,No,4865,5624,208,360,1,Semiurban,Y
LP002618,Male,Alistair,Yes,1,Not Graduate,No,4050,5302,138,360,,Rural,N
LP002619,Male,Miller,Yes,0,Not Graduate,No,3814,1483,124,300,1,Semiurban,Y
LP002622,Male,Demetrius,Yes,2,Graduate,No,3510,4416,243,360,1,Rural,Y
LP002624,Male,Cristiano,Yes,0,Graduate,No,20833,6667,480,360,,Urban,Y
LP002626,Male,Bridger,Yes,0,Graduate,Yes,2479,3013,188,360,1,Urban,Y
LP002637,Male,Alaric,No,0,Not Graduate,No,3598,1287,100,360,1,Rural,N
LP002640,Male,Tom‡s,Yes,1,Graduate,No,6065,2004,250,360,1,Semiurban,Y
LP002643,Male,Ledger,Yes,2,Graduate,No,3283,2035,148,360,1,Urban,Y
LP002648,Male,Alton,Yes,0,Graduate,No,2130,6666,70,180,1,Semiurban,N
LP002652,Male,Westin,No,0,Graduate,No,5815,3666,311,360,1,Rural,N
LP002659,Male,Darian,Yes,3+,Graduate,No,3466,3428,150,360,1,Rural,Y
LP002682,Male,Kylo,Yes,,Not Graduate,No,3074,1800,123,360,0,Semiurban,N
LP002683,Male,Edison,No,0,Graduate,No,4683,1915,185,360,1,Semiurban,N
LP002689,Male,Jamie,Yes,2,Not Graduate,No,2192,1742,45,360,1,Semiurban,Y
LP002690,Male,Corbin,No,0,Graduate,No,2500,0,55,360,1,Semiurban,Y
LP002692,Male,Greysen,Yes,3+,Graduate,Yes,5677,1424,100,360,1,Rural,Y
LP002693,Male,Cedric,Yes,2,Graduate,Yes,7948,7166,480,360,1,Rural,Y
LP002697,Male,Jabari,No,0,Graduate,No,4680,2087,,360,1,Semiurban,N
LP002699,Male,Damari,Yes,2,Graduate,Yes,17500,0,400,360,1,Rural,Y
LP002705,Male,Howard,Yes,0,Graduate,No,3775,0,110,360,1,Semiurban,Y
LP002706,Male,Roland,Yes,1,Not Graduate,No,5285,1430,161,360,0,Semiurban,Y
LP002714,Male,Rashad,No,1,Not Graduate,No,2679,1302,94,360,1,Semiurban,Y
LP002716,Male,Jensen,No,0,Not Graduate,No,6783,0,130,360,1,Semiurban,Y
LP002717,Male,Ernesto,Yes,0,Graduate,No,1025,5500,216,360,,Rural,Y
LP002720,Male,Anson,Yes,3+,Graduate,No,4281,0,100,360,1,Urban,Y
LP002723,Male,Curtis,No,2,Graduate,No,3588,0,110,360,0,Rural,N
LP002729,Male,Jaxen,No,1,Graduate,No,11250,0,196,360,,Semiurban,N
LP002732,Male,Dayton,No,0,Not Graduate,,2550,2042,126,360,1,Rural,Y
LP002734,Male,Ray,Yes,0,Graduate,No,6133,3906,324,360,1,Urban,Y
LP002738,Male,Wayne,No,2,Graduate,No,3617,0,107,360,1,Semiurban,Y
LP002739,Male,Arian,Yes,0,Not Graduate,No,2917,536,66,360,1,Rural,N
LP002740,Male,Krish,Yes,3+,Graduate,No,6417,0,157,180,1,Rural,Y
LP002755,Male,Truett,Yes,1,Not Graduate,No,2239,2524,128,360,1,Urban,Y
LP002767,Male,Rory,Yes,0,Graduate,No,2768,1950,155,360,1,Rural,Y
LP002768,Male,Kamden,No,0,Not Graduate,No,3358,0,80,36,1,Semiurban,N
LP002772,Male,Johan,No,0,Graduate,No,2526,1783,145,360,1,Rural,Y
LP002777,Male,Yosef,Yes,0,Graduate,No,2785,2016,110,360,1,Rural,Y
LP002778,Male,Amari,Yes,2,Graduate,Yes,6633,0,,360,0,Rural,N
LP002784,Male,Ares,Yes,1,Not Graduate,No,2492,2375,,360,1,Rural,Y
LP002785,Male,Atreyu,Yes,1,Graduate,No,3333,3250,158,360,1,Urban,Y
LP002788,Male,Boden,Yes,0,Not Graduate,No,2454,2333,181,360,0,Urban,N
LP002789,Male,Quinton,Yes,0,Graduate,No,3593,4266,132,180,0,Rural,N
LP002792,Male,Coleman,Yes,1,Graduate,No,5468,1032,26,360,1,Semiurban,Y
LP002795,Male,Rodolfo,Yes,3+,Graduate,Yes,10139,0,260,360,1,Semiurban,Y
LP002798,Male,Soren,Yes,0,Graduate,No,3887,2669,162,360,1,Semiurban,Y
LP002807,Male,Roland,Yes,2,Not Graduate,No,3675,242,108,360,1,Semiurban,Y
LP002820,Male,Jensen,Yes,0,Graduate,No,5923,2054,211,360,1,Rural,Y
LP002821,Male,Harlem,No,0,Not Graduate,Yes,5800,0,132,360,1,Semiurban,Y
LP002832,Male,Anders,Yes,2,Graduate,No,8799,0,258,360,0,Urban,N
LP002833,Male,Lyle,Yes,0,Not Graduate,No,4467,0,120,360,,Rural,Y
LP002836,Male,Musa,No,0,Graduate,No,3333,0,70,360,1,Urban,Y
LP002837,Male,Zayd,Yes,3+,Graduate,No,3400,2500,123,360,0,Rural,N
LP002841,Male,Emory,Yes,0,Graduate,No,3166,2064,104,360,0,Urban,N
LP002842,Male,Lachlan,Yes,1,Graduate,No,3417,1750,186,360,1,Urban,Y
LP002847,Male,Yahya,Yes,,Graduate,No,5116,1451,165,360,0,Urban,N
LP002855,Male,Remy,Yes,2,Graduate,No,16666,0,275,360,1,Urban,Y
LP002862,Male,Xzavier,Yes,2,Not Graduate,No,6125,1625,187,480,1,Semiurban,N
LP002863,Male,Crew,Yes,3+,Graduate,No,6406,0,150,360,1,Semiurban,N
LP002868,Male,Davian,Yes,2,Graduate,No,3159,461,108,84,1,Urban,Y
LP002874,Male,Brody,No,0,Graduate,No,3229,2739,110,360,1,Urban,Y
LP002877,Male,Billy,Yes,1,Graduate,No,1782,2232,107,360,1,Rural,Y
LP002888,Male,Vincenzo,No,0,Graduate,,3182,2917,161,360,1,Urban,Y
LP002892,Male,Kace,Yes,2,Graduate,No,6540,0,205,360,1,Semiurban,Y
LP002893,Male,Brecken,No,0,Graduate,No,1836,33837,90,360,1,Urban,N
LP002898,Male,Leighton,Yes,1,Graduate,No,1880,0,61,360,,Rural,N
LP002911,Male,Nickolas,Yes,1,Graduate,No,2787,1917,146,360,0,Rural,N
LP002912,Male,Rolando,Yes,1,Graduate,No,4283,3000,172,84,1,Rural,N
LP002916,Male,Brysen,Yes,0,Graduate,No,2297,1522,104,360,1,Urban,Y
LP002926,Male,Ameer,Yes,2,Graduate,Yes,2726,0,106,360,0,Semiurban,N
LP002928,Male,Yadiel,Yes,0,Graduate,No,3000,3416,56,180,1,Semiurban,Y
LP002931,Male,Fox,Yes,2,Graduate,Yes,6000,0,205,240,1,Semiurban,N
LP002936,Male,Kyng,Yes,0,Graduate,No,3859,3300,142,180,1,Rural,Y
LP002938,Male,Mayson,Yes,0,Graduate,Yes,16120,0,260,360,1,Urban,Y
LP002940,Male,Rene,No,0,Not Graduate,No,3833,0,110,360,1,Rural,Y
LP002941,Male,Bronson,Yes,2,Not Graduate,Yes,6383,1000,187,360,1,Rural,N
LP002943,Male,Terrence,No,,Graduate,No,2987,0,88,360,0,Semiurban,N
LP002945,Male,Karsyn,Yes,0,Graduate,Yes,9963,0,180,360,1,Rural,Y
LP002948,Male,Yael,Yes,2,Graduate,No,5780,0,192,360,1,Urban,Y
LP002950,Male,Anakin,Yes,0,Not Graduate,,2894,2792,155,360,1,Rural,Y
LP002953,Male,Dax,Yes,3+,Graduate,No,5703,0,128,360,1,Urban,Y
LP002958,Male,Jordy,No,0,Graduate,No,3676,4301,172,360,1,Rural,Y
LP002960,Male,Kylen,Yes,0,Not Graduate,No,2400,3800,,180,1,Urban,N
LP002961,Male,Bodhi,Yes,1,Graduate,No,3400,2500,173,360,1,Semiurban,Y
LP002964,Male,Kody,Yes,2,Not Graduate,No,3987,1411,157,360,1,Rural,Y
LP002974,Male,Marley,Yes,0,Graduate,No,3232,1950,108,360,1,Rural,Y
LP002979,Male,Cedric,Yes,3+,Graduate,No,4106,0,40,180,1,Rural,Y
LP002983,Male,Khalid,Yes,1,Graduate,No,8072,240,253,360,1,Urban,Y
LP002984,Male,Camdyn,Yes,2,Graduate,No,7583,0,187,360,1,Urban,Y
LP001050,,,Yes,2,Not Graduate,No,3365,1917,112,360,0,Rural,N
LP001448,,,Yes,3+,Graduate,No,23803,0,370,360,1,Rural,Y
LP001585,,,Yes,3+,Graduate,No,51763,0,700,300,1,Urban,Y
LP001644,,,Yes,0,Graduate,Yes,674,5296,168,360,1,Rural,Y
LP002024,,,Yes,0,Graduate,No,2473,1843,159,360,1,rural,N
LP002103,,,Yes,1,Graduate,Yes,9833,1833,182,180,1,Urban,Y
LP002478,,,Yes,0,Graduate,Yes,2083,4083,160,360,,Semiurban,Y
LP002501,,,Yes,0,Graduate,No,16692,0,110,360,1,Semiurban,Y
LP002530,,,Yes,2,Graduate,No,2873,1872,132,360,0,Semiurban,N
LP002625,,,No,0,Graduate,No,3583,0,96,360,1,Urban,N
LP002872,,,Yes,0,Graduate,No,3087,2210,136,360,0,Semiurban,N
LP002925,,,No,0,Graduate,No,4750,0,94,360,1,Semiurban,Y
LP002933,,,No,3+,Graduate,Yes,9357,0,292,360,1,Semiurban,Y